{"file":"skill.png","frames":{
"skill_shuaijian_png":{"x":153,"y":279,"w":150,"h":150,"offX":0,"offY":0,"sourceW":150,"sourceH":150},
"skill_jingu_png":{"x":1,"y":279,"w":150,"h":150,"offX":0,"offY":0,"sourceW":150,"sourceH":150},
"skill_hudun_png":{"x":761,"y":153,"w":150,"h":150,"offX":0,"offY":0,"sourceW":150,"sourceH":150},
"skill_tip_02_png":{"x":414,"y":279,"w":44,"h":44,"offX":0,"offY":0,"sourceW":44,"sourceH":44},
"skill_tip_01_png":{"x":460,"y":279,"w":44,"h":44,"offX":0,"offY":0,"sourceW":44,"sourceH":44},
"skill_item_kuang_png":{"x":305,"y":279,"w":107,"h":107,"offX":0,"offY":0,"sourceW":107,"sourceH":107},
"skill_item_bg_png":{"x":1,"y":1,"w":697,"h":124,"offX":0,"offY":0,"sourceW":697,"sourceH":124},
"skill_hudun_nn_png":{"x":457,"y":127,"w":150,"h":150,"offX":0,"offY":0,"sourceW":150,"sourceH":150},
"skill_chicken_nn_png":{"x":305,"y":127,"w":150,"h":150,"offX":0,"offY":0,"sourceW":150,"sourceH":150},
"skill_chicken_png":{"x":153,"y":127,"w":150,"h":150,"offX":0,"offY":0,"sourceW":150,"sourceH":150},
"skill_shuaijian_nn_png":{"x":1,"y":127,"w":150,"h":150,"offX":0,"offY":0,"sourceW":150,"sourceH":150},
"skill_jingu_nn_png":{"x":852,"y":1,"w":150,"h":150,"offX":0,"offY":0,"sourceW":150,"sourceH":150},
"skill_dog_nn_png":{"x":700,"y":1,"w":150,"h":150,"offX":0,"offY":0,"sourceW":150,"sourceH":150},
"skill_dog_png":{"x":609,"y":153,"w":150,"h":150,"offX":0,"offY":0,"sourceW":150,"sourceH":150}}}