{"mc":{
	"0":{
		"frameRate":8,
		"labels":[
			{"name":"0","frame":1,"end":4}
			
			],
		"events":[
			
			],
		"frames":[
			
			{
			"res":"07",
			"x":-42,
			"y":-52
			},
			{
			"res":"08",
			"x":-44,
			"y":-52
			},
			{
			"res":"09",
			"x":-42,
			"y":-53
			},
			{
			"res":"10",
			"x":-42,
			"y":-38
			}
			]
}},
	"res":{
		"10":{"x":173,"y":1,"w":82,"h":67},
		"07":{"x":1,"y":85,"w":83,"h":81},
		"08":{"x":1,"y":1,"w":86,"h":82},
		"09":{"x":89,"y":1,"w":82,"h":82}
	}}