{"mc":{
	"0":{
		"frameRate":10,
		"labels":[
			{"name":"0","frame":1,"end":6}
			
			],
		"events":[
			
			],
		"frames":[
			
			{
			"res":"down_1_png",
			"x":-36,
			"y":-84
			},
			{
			"res":"down_2_png",
			"x":-37,
			"y":-85
			},
			{
			"res":"down_3_png",
			"x":-39,
			"y":-84
			},
			{
			"res":"down_4_png",
			"x":-40,
			"y":-85
			},
			{
			"res":"down_5_png",
			"x":-39,
			"y":-86
			},
			{
			"res":"down_6_png",
			"x":-36,
			"y":-84
			}
			]
}},
	"res":{
		"down_3_png":{"x":77,"y":131,"w":74,"h":127},
		"down_4_png":{"x":1,"y":1,"w":75,"h":128},
		"down_1_png":{"x":78,"y":1,"w":74,"h":127},
		"down_5_png":{"x":1,"y":131,"w":74,"h":129},
		"down_6_png":{"x":78,"y":1,"w":74,"h":127},
		"down_2_png":{"x":1,"y":262,"w":74,"h":128}
	}}