{"mc":{
	"0":{
		"frameRate":10,
		"labels":[
			{"name":"0","frame":1,"end":6}
			
			],
		"events":[
			
			],
		"frames":[
			
			{
			"res":"p2_left_01_png",
			"x":-40,
			"y":-86
			},
			{
			"res":"p2_left_02_png",
			"x":-41,
			"y":-87
			},
			{
			"res":"p2_left_03_png",
			"x":-40,
			"y":-85
			},
			{
			"res":"p2_left_04_png",
			"x":-40,
			"y":-86
			},
			{
			"res":"p2_left_05_png",
			"x":-42,
			"y":-87
			},
			{
			"res":"p2_left_06_png",
			"x":-41,
			"y":-85
			}
			]
}},
	"res":{
		"p2_left_06_png":{"x":92,"y":264,"w":89,"h":128},
		"p2_left_05_png":{"x":1,"y":133,"w":89,"h":130},
		"p2_left_04_png":{"x":92,"y":133,"w":89,"h":129},
		"p2_left_03_png":{"x":93,"y":1,"w":89,"h":128},
		"p2_left_02_png":{"x":1,"y":1,"w":90,"h":130},
		"p2_left_01_png":{"x":1,"y":265,"w":89,"h":129}
	}}