{"mc":{
	"0":{
		"frameRate":7,
		"labels":[
			{"name":"0","frame":1,"end":4}
			
			],
		"events":[
			
			],
		"frames":[
			
			{
			"res":"p2_stand_01_png",
			"x":-45,
			"y":-88
			},
			{
			"res":"p2_stand_02_png",
			"x":-45,
			"y":-89
			},
			{
			"res":"p2_stand_03_png",
			"x":-45,
			"y":-89
			},
			{
			"res":"p2_stand_04_png",
			"x":-45,
			"y":-89
			}
			]
}},
	"res":{
		"p2_stand_04_png":{"x":1,"y":135,"w":92,"h":132},
		"p2_stand_03_png":{"x":1,"y":1,"w":92,"h":132},
		"p2_stand_02_png":{"x":1,"y":135,"w":92,"h":132},
		"p2_stand_01_png":{"x":1,"y":269,"w":92,"h":131}
	}}