{"mc":{
	"0":{
		"frameRate":10,
		"labels":[
			{"name":"0","frame":1,"end":6}
			
			],
		"events":[
			
			],
		"frames":[
			
			{
			"res":"p3_down_01_png",
			"x":-39,
			"y":-87
			},
			{
			"res":"p3_down_02_png",
			"x":-39,
			"y":-86
			},
			{
			"res":"p3_down_03_png",
			"x":-39,
			"y":-86
			},
			{
			"res":"p3_down_04_png",
			"x":-39,
			"y":-87
			},
			{
			"res":"p3_down_05_png",
			"x":-39,
			"y":-86
			},
			{
			"res":"p3_down_06_png",
			"x":-39,
			"y":-86
			}
			]
}},
	"res":{
		"p3_down_03_png":{"x":80,"y":132,"w":77,"h":129},
		"p3_down_06_png":{"x":80,"y":1,"w":77,"h":129},
		"p3_down_01_png":{"x":1,"y":1,"w":77,"h":130},
		"p3_down_05_png":{"x":1,"y":265,"w":77,"h":129},
		"p3_down_02_png":{"x":80,"y":263,"w":77,"h":129},
		"p3_down_04_png":{"x":1,"y":133,"w":77,"h":130}
	}}