{"mc":{
	"0":{
		"frameRate":7,
		"labels":[
			{"name":"0","frame":1,"end":4}
			
			],
		"events":[
			
			],
		"frames":[
			
			{
			"res":"p3_static_02_01_png",
			"x":-40,
			"y":-67
			},
			{
			"res":"p3_static_02_02_png",
			"x":-40,
			"y":-68
			},
			{
			"res":"p3_static_02_03_png",
			"x":-40,
			"y":-68
			},
			{
			"res":"p3_static_02_04_png",
			"x":-40,
			"y":-67
			}
			]
}},
	"res":{
		"p3_static_02_03_png":{"x":1,"y":136,"w":88,"h":134},
		"p3_static_02_01_png":{"x":1,"y":272,"w":88,"h":133},
		"p3_static_02_02_png":{"x":91,"y":136,"w":87,"h":134},
		"p3_static_02_04_png":{"x":1,"y":1,"w":90,"h":133}
	}}