{"mc":{
	"0":{
		"frameRate":7,
		"labels":[
			{"name":"0","frame":1,"end":4}
			
			],
		"events":[
			
			],
		"frames":[
			
			{
			"res":"p1_static_03_01_png",
			"x":-36,
			"y":-58
			},
			{
			"res":"p1_static_03_02_png",
			"x":-36,
			"y":-59
			},
			{
			"res":"p1_static_03_03_png",
			"x":-36,
			"y":-61
			},
			{
			"res":"p1_static_03_04_png",
			"x":-36,
			"y":-58
			}
			]
}},
	"res":{
		"p1_static_03_01_png":{"x":1,"y":130,"w":73,"h":124},
		"p1_static_03_04_png":{"x":76,"y":1,"w":74,"h":124},
		"p1_static_03_03_png":{"x":1,"y":1,"w":73,"h":127},
		"p1_static_03_02_png":{"x":76,"y":127,"w":73,"h":125}
	}}