{"mc":{
	"0":{
		"frameRate":7,
		"labels":[
			{"name":"0","frame":1,"end":4}
			
			],
		"events":[
			
			],
		"frames":[
			
			{
			"res":"p1_static_04_01_png",
			"x":-36,
			"y":-64
			},
			{
			"res":"p1_static_04_02_png",
			"x":-37,
			"y":-66
			},
			{
			"res":"p1_static_04_03_png",
			"x":-37,
			"y":-65
			},
			{
			"res":"p1_static_04_04_png",
			"x":-37,
			"y":-66
			}
			]
}},
	"res":{
		"p1_static_04_02_png":{"x":1,"y":1,"w":74,"h":132},
		"p1_static_04_04_png":{"x":1,"y":1,"w":74,"h":132},
		"p1_static_04_01_png":{"x":152,"y":1,"w":73,"h":130},
		"p1_static_04_03_png":{"x":77,"y":1,"w":73,"h":131}
	}}