{"mc":{
	"0":{
		"frameRate":10,
		"labels":[
			{"name":"0","frame":1,"end":6}
			
			],
		"events":[
			
			],
		"frames":[
			
			{
			"res":"p2_right_01_png",
			"x":-49,
			"y":-63
			},
			{
			"res":"p2_right_02_png",
			"x":-49,
			"y":-64
			},
			{
			"res":"p2_right_03_png",
			"x":-49,
			"y":-62
			},
			{
			"res":"p2_right_04_png",
			"x":-49,
			"y":-63
			},
			{
			"res":"p2_right_05_png",
			"x":-47,
			"y":-64
			},
			{
			"res":"p2_right_06_png",
			"x":-48,
			"y":-62
			}
			]
}},
	"res":{
		"p2_right_04_png":{"x":92,"y":133,"w":89,"h":129},
		"p2_right_06_png":{"x":92,"y":264,"w":89,"h":128},
		"p2_right_03_png":{"x":93,"y":1,"w":89,"h":128},
		"p2_right_02_png":{"x":1,"y":1,"w":90,"h":130},
		"p2_right_05_png":{"x":1,"y":133,"w":89,"h":130},
		"p2_right_01_png":{"x":1,"y":265,"w":89,"h":129}
	}}