{"file":"LoginTexture.png","frames":{
"GameMenuBG3_png":{"x":1656,"y":643,"w":166,"h":226,"offX":0,"offY":0,"sourceW":166,"sourceH":226},
"GameMenuBG2_png":{"x":522,"y":1029,"w":166,"h":165,"offX":0,"offY":0,"sourceW":166,"sourceH":165},
"GameMenuBG4_png":{"x":1627,"y":1017,"w":166,"h":296,"offX":0,"offY":0,"sourceW":166,"sourceH":296},
"btnQRCode_png":{"x":1824,"y":741,"w":107,"h":112,"offX":0,"offY":0,"sourceW":107,"sourceH":113},
"inputtxt_png":{"x":809,"y":1154,"w":162,"h":32,"offX":1,"offY":2,"sourceW":164,"sourceH":39},
"CloseBig_1_png":{"x":759,"y":1029,"w":117,"h":52,"offX":0,"offY":0,"sourceW":117,"sourceH":52},
"Confirm_1_png":{"x":690,"y":1125,"w":117,"h":52,"offX":0,"offY":0,"sourceW":117,"sourceH":52},
"Bg_kuang_png":{"x":1,"y":643,"w":1092,"h":384,"offX":0,"offY":0,"sourceW":1092,"sourceH":384},
"Btn_fhdt_png":{"x":809,"y":1083,"w":85,"h":69,"offX":0,"offY":0,"sourceW":85,"sourceH":69},
"Img_toubiao_png":{"x":1095,"y":643,"w":559,"h":372,"offX":0,"offY":0,"sourceW":559,"sourceH":372},
"AuthBg_png":{"x":1,"y":1,"w":1082,"h":586,"offX":0,"offY":0,"sourceW":1082,"sourceH":586},
"AuthClose_png":{"x":973,"y":1120,"w":55,"h":56,"offX":0,"offY":0,"sourceW":55,"sourceH":56},
"Btn_AuthStatement_png":{"x":690,"y":1029,"w":67,"h":94,"offX":0,"offY":0,"sourceW":67,"sourceH":94},
"Btn_Rregister_1_png":{"x":996,"y":1029,"w":92,"h":41,"offX":0,"offY":0,"sourceW":92,"sourceH":41},
"Btn_Tourist_1_png":{"x":1824,"y":643,"w":184,"h":96,"offX":0,"offY":0,"sourceW":184,"sourceH":96},
"Btn_Verification_png":{"x":878,"y":1029,"w":116,"h":47,"offX":0,"offY":0,"sourceW":116,"sourceH":47},
"Btn_Wangjimima_png":{"x":896,"y":1078,"w":125,"h":40,"offX":0,"offY":0,"sourceW":125,"sourceH":40},
"CheckNormalBG_png":{"x":1656,"y":969,"w":27,"h":29,"offX":0,"offY":0,"sourceW":27,"sourceH":29},
"LoginArrow0_png":{"x":759,"y":1083,"w":37,"h":32,"offX":0,"offY":0,"sourceW":37,"sourceH":32},
"LoginArrow1_png":{"x":1023,"y":1072,"w":37,"h":32,"offX":0,"offY":0,"sourceW":37,"sourceH":32},
"LoginButton0_png":{"x":1656,"y":871,"w":264,"h":96,"offX":0,"offY":0,"sourceW":264,"sourceH":96},
"Logo_mfyl_png":{"x":1,"y":1029,"w":519,"h":219,"offX":1,"offY":1,"sourceW":520,"sourceH":220},
"password_png":{"x":896,"y":1120,"w":63,"h":31,"offX":0,"offY":0,"sourceW":63,"sourceH":31},
"Prompt_png":{"x":1095,"y":1017,"w":530,"h":284,"offX":0,"offY":0,"sourceW":530,"sourceH":284},
"ReMemberIcon_png":{"x":1685,"y":969,"w":25,"h":22,"offX":0,"offY":0,"sourceW":25,"sourceH":22},
"Username_png":{"x":522,"y":1196,"w":92,"h":31,"offX":0,"offY":0,"sourceW":92,"sourceH":31},
"Bg_1_png":{"x":1085,"y":1,"w":934,"h":640,"offX":0,"offY":0,"sourceW":934,"sourceH":640},
"YellowBG_png":{"x":631,"y":1196,"w":348,"h":57,"offX":0,"offY":0,"sourceW":348,"sourceH":57},
"Bg_ditu_png":{"x":1,"y":1250,"w":628,"h":88,"offX":0,"offY":0,"sourceW":628,"sourceH":88}}}