{"mc":{
	"0":{
		"frameRate":9,
		"labels":[
			{"name":"0","frame":1,"end":22}
			
			],
		"events":[
			
			],
		"frames":[
			
			{
			"res":"idle_23",
			"x":-165,
			"y":32
			},
			{
			"res":"idle_24",
			"x":-171,
			"y":30
			},
			{
			"res":"idle_25",
			"x":-173,
			"y":24
			},
			{
			"res":"idle_26",
			"x":-173,
			"y":10
			},
			{
			"res":"idle_27",
			"x":-167,
			"y":1
			},
			{
			"res":"idle_28",
			"x":-165,
			"y":0
			},
			{
			"res":"idle_29",
			"x":-161,
			"y":11
			},
			{
			"res":"idle_30",
			"x":-155,
			"y":26
			},
			{
			"res":"idle_31",
			"x":-146,
			"y":28
			},
			{
			"res":"idle_32",
			"x":-141,
			"y":29
			},
			{
			"res":"idle_33",
			"x":-138,
			"y":30
			},
			{
			"res":"idle_34",
			"x":-140,
			"y":31
			},
			{
			"res":"idle_35",
			"x":-145,
			"y":32
			},
			{
			"res":"idle_36",
			"x":-148,
			"y":32
			},
			{
			"res":"idle_37",
			"x":-152,
			"y":33
			},
			{
			"res":"idle_38",
			"x":-158,
			"y":33
			},
			{
			"res":"idle_39",
			"x":-164,
			"y":33
			},
			{
			"res":"idle_40",
			"x":-169,
			"y":33
			},
			{
			"res":"idle_41",
			"x":-168,
			"y":33
			},
			{
			"res":"idle_42",
			"x":-166,
			"y":32
			},
			{
			"res":"idle_43",
			"x":-159,
			"y":31
			},
			{
			"res":"idle_44",
			"x":-155,
			"y":30
			}
			]
}},
	"res":{
		"idle_38":{"x":413,"y":1106,"w":402,"h":270},
		"idle_24":{"x":1280,"y":0,"w":422,"h":271},
		"idle_30":{"x":853,"y":277,"w":398,"h":276},
		"idle_28":{"x":0,"y":301,"w":422,"h":302},
		"idle_40":{"x":0,"y":894,"w":413,"h":270},
		"idle_39":{"x":0,"y":1705,"w":408,"h":270},
		"idle_43":{"x":422,"y":561,"w":403,"h":272},
		"idle_33":{"x":815,"y":1367,"w":379,"h":272},
		"idle_35":{"x":825,"y":826,"w":386,"h":270},
		"idle_26":{"x":424,"y":0,"w":429,"h":292},
		"idle_44":{"x":414,"y":833,"w":400,"h":273},
		"idle_41":{"x":0,"y":1164,"w":412,"h":270},
		"idle_23":{"x":424,"y":292,"w":408,"h":269},
		"idle_37":{"x":412,"y":1376,"w":395,"h":269},
		"idle_34":{"x":815,"y":1096,"w":381,"h":271},
		"idle_42":{"x":0,"y":1434,"w":410,"h":271},
		"idle_27":{"x":0,"y":0,"w":424,"h":301},
		"idle_29":{"x":0,"y":603,"w":414,"h":291},
		"idle_36":{"x":1280,"y":271,"w":390,"h":270},
		"idle_32":{"x":832,"y":553,"w":382,"h":273},
		"idle_25":{"x":853,"y":0,"w":427,"h":277},
		"idle_31":{"x":410,"y":1645,"w":386,"h":274}
	}}