{"mc":{
	"0":{
		"frameRate":9,
		"labels":[
			{"name":"0","frame":1,"end":22}
			
			],
		"events":[
			
			],
		"frames":[
			
			{
			"res":"idle_23",
			"x":-162,
			"y":32
			},
			{
			"res":"idle_24",
			"x":-168,
			"y":31
			},
			{
			"res":"idle_25",
			"x":-173,
			"y":29
			},
			{
			"res":"idle_26",
			"x":-172,
			"y":16
			},
			{
			"res":"idle_27",
			"x":-169,
			"y":5
			},
			{
			"res":"idle_28",
			"x":-165,
			"y":-1
			},
			{
			"res":"idle_29",
			"x":-163,
			"y":4
			},
			{
			"res":"idle_30",
			"x":-158,
			"y":20
			},
			{
			"res":"idle_31",
			"x":-151,
			"y":28
			},
			{
			"res":"idle_32",
			"x":-143,
			"y":29
			},
			{
			"res":"idle_33",
			"x":-139,
			"y":30
			},
			{
			"res":"idle_34",
			"x":-138,
			"y":30
			},
			{
			"res":"idle_35",
			"x":-142,
			"y":31
			},
			{
			"res":"idle_36",
			"x":-147,
			"y":32
			},
			{
			"res":"idle_37",
			"x":-150,
			"y":33
			},
			{
			"res":"idle_38",
			"x":-154,
			"y":33
			},
			{
			"res":"idle_39",
			"x":-161,
			"y":33
			},
			{
			"res":"idle_40",
			"x":-166,
			"y":33
			},
			{
			"res":"idle_41",
			"x":-169,
			"y":33
			},
			{
			"res":"idle_42",
			"x":-168,
			"y":33
			},
			{
			"res":"idle_43",
			"x":-165,
			"y":32
			},
			{
			"res":"idle_44",
			"x":-159,
			"y":31
			}
			]
}},
	"res":{
		"idle_23":{"x":419,"y":568,"w":400,"h":269},
		"idle_44":{"x":847,"y":286,"w":403,"h":272},
		"idle_31":{"x":415,"y":1106,"w":390,"h":274},
		"idle_41":{"x":0,"y":1153,"w":413,"h":270},
		"idle_36":{"x":1250,"y":542,"w":388,"h":270},
		"idle_38":{"x":415,"y":837,"w":398,"h":269},
		"idle_25":{"x":1274,"y":0,"w":426,"h":272},
		"idle_30":{"x":0,"y":601,"w":407,"h":282},
		"idle_34":{"x":813,"y":1101,"w":379,"h":272},
		"idle_26":{"x":847,"y":0,"w":427,"h":286},
		"idle_28":{"x":0,"y":0,"w":422,"h":303},
		"idle_43":{"x":0,"y":1693,"w":409,"h":271},
		"idle_32":{"x":412,"y":1649,"w":384,"h":273},
		"idle_35":{"x":827,"y":558,"w":383,"h":271},
		"idle_39":{"x":422,"y":298,"w":405,"h":270},
		"idle_24":{"x":0,"y":883,"w":415,"h":270},
		"idle_33":{"x":827,"y":829,"w":380,"h":272},
		"idle_27":{"x":422,"y":0,"w":425,"h":298},
		"idle_42":{"x":0,"y":1423,"w":412,"h":270},
		"idle_29":{"x":0,"y":303,"w":419,"h":298},
		"idle_37":{"x":413,"y":1380,"w":393,"h":269},
		"idle_40":{"x":1274,"y":272,"w":409,"h":270}
	}}