{"mc":{
	"0":{
		"frameRate":9,
		"labels":[
			{"name":"0","frame":1,"end":22}
			
			],
		"events":[
			
			],
		"frames":[
			
			{
			"res":"idle_23",
			"x":-162,
			"y":32
			},
			{
			"res":"idle_24",
			"x":-168,
			"y":31
			},
			{
			"res":"idle_25",
			"x":-173,
			"y":29
			},
			{
			"res":"idle_26",
			"x":-172,
			"y":16
			},
			{
			"res":"idle_27",
			"x":-169,
			"y":6
			},
			{
			"res":"idle_28",
			"x":-166,
			"y":-1
			},
			{
			"res":"idle_29",
			"x":-163,
			"y":4
			},
			{
			"res":"idle_30",
			"x":-158,
			"y":20
			},
			{
			"res":"idle_31",
			"x":-151,
			"y":28
			},
			{
			"res":"idle_32",
			"x":-143,
			"y":29
			},
			{
			"res":"idle_33",
			"x":-139,
			"y":30
			},
			{
			"res":"idle_34",
			"x":-138,
			"y":30
			},
			{
			"res":"idle_35",
			"x":-143,
			"y":31
			},
			{
			"res":"idle_36",
			"x":-147,
			"y":32
			},
			{
			"res":"idle_37",
			"x":-150,
			"y":33
			},
			{
			"res":"idle_38",
			"x":-156,
			"y":33
			},
			{
			"res":"idle_39",
			"x":-163,
			"y":33
			},
			{
			"res":"idle_40",
			"x":-167,
			"y":33
			},
			{
			"res":"idle_41",
			"x":-169,
			"y":33
			},
			{
			"res":"idle_42",
			"x":-167,
			"y":32
			},
			{
			"res":"idle_43",
			"x":-162,
			"y":31
			},
			{
			"res":"idle_44",
			"x":-156,
			"y":31
			}
			]
}},
	"res":{
		"idle_34":{"x":1633,"y":1099,"w":379,"h":272},
		"idle_35":{"x":0,"y":1384,"w":384,"h":271},
		"idle_38":{"x":0,"y":1115,"w":400,"h":269},
		"idle_44":{"x":0,"y":843,"w":400,"h":272},
		"idle_32":{"x":800,"y":1111,"w":384,"h":273},
		"idle_41":{"x":0,"y":573,"w":413,"h":270},
		"idle_40":{"x":829,"y":569,"w":411,"h":270},
		"idle_39":{"x":413,"y":579,"w":407,"h":270},
		"idle_25":{"x":1267,"y":286,"w":426,"h":272},
		"idle_23":{"x":400,"y":849,"w":400,"h":269},
		"idle_27":{"x":423,"y":0,"w":425,"h":297},
		"idle_30":{"x":423,"y":297,"w":406,"h":282},
		"idle_43":{"x":829,"y":839,"w":406,"h":272},
		"idle_28":{"x":0,"y":0,"w":423,"h":303},
		"idle_33":{"x":1625,"y":827,"w":380,"h":272},
		"idle_42":{"x":829,"y":298,"w":411,"h":271},
		"idle_37":{"x":1240,"y":558,"w":393,"h":269},
		"idle_29":{"x":848,"y":0,"w":419,"h":298},
		"idle_31":{"x":1235,"y":839,"w":390,"h":274},
		"idle_36":{"x":400,"y":1118,"w":388,"h":270},
		"idle_26":{"x":1267,"y":0,"w":427,"h":286},
		"idle_24":{"x":0,"y":303,"w":415,"h":270}
	}}