{"mc":{
	"0":{
		"frameRate":9,
		"labels":[
			{"name":"0","frame":1,"end":19}
			
			],
		"events":[
			
			],
		"frames":[
			
			{
			"res":"idle_45",
			"x":-150,
			"y":30
			},
			{
			"res":"idle_46",
			"x":-142,
			"y":29
			},
			{
			"res":"idle_47",
			"x":-138,
			"y":28
			},
			{
			"res":"idle_48",
			"x":-136,
			"y":28
			},
			{
			"res":"idle_49",
			"x":-137,
			"y":27
			},
			{
			"res":"idle_50",
			"x":-138,
			"y":26
			},
			{
			"res":"idle_51",
			"x":-143,
			"y":22
			},
			{
			"res":"idle_52",
			"x":-148,
			"y":16
			},
			{
			"res":"idle_53",
			"x":-152,
			"y":16
			},
			{
			"res":"idle_54",
			"x":-159,
			"y":26
			},
			{
			"res":"idle_55",
			"x":-163,
			"y":18
			},
			{
			"res":"idle_56",
			"x":-168,
			"y":-1
			},
			{
			"res":"idle_57",
			"x":-173,
			"y":-8
			},
			{
			"res":"idle_58",
			"x":-176,
			"y":-12
			},
			{
			"res":"idle_59",
			"x":-174,
			"y":-11
			},
			{
			"res":"idle_60",
			"x":-168,
			"y":-7
			},
			{
			"res":"idle_61",
			"x":-161,
			"y":-5
			},
			{
			"res":"idle_62",
			"x":-156,
			"y":-4
			},
			{
			"res":"idle_63",
			"x":-154,
			"y":-4
			}
			]
}},
	"res":{
		"idle_45":{"x":845,"y":592,"w":397,"h":273},
		"idle_55":{"x":1319,"y":0,"w":419,"h":285},
		"idle_47":{"x":422,"y":1423,"w":387,"h":275},
		"idle_57":{"x":446,"y":0,"w":440,"h":312},
		"idle_51":{"x":446,"y":312,"w":399,"h":282},
		"idle_59":{"x":0,"y":315,"w":444,"h":314},
		"idle_49":{"x":421,"y":1698,"w":385,"h":276},
		"idle_60":{"x":0,"y":629,"w":437,"h":309},
		"idle_53":{"x":886,"y":305,"w":410,"h":287},
		"idle_61":{"x":0,"y":938,"w":428,"h":307},
		"idle_54":{"x":444,"y":594,"w":401,"h":278},
		"idle_48":{"x":845,"y":865,"w":385,"h":275},
		"idle_50":{"x":437,"y":872,"w":389,"h":277},
		"idle_58":{"x":0,"y":0,"w":446,"h":315},
		"idle_56":{"x":886,"y":0,"w":433,"h":305},
		"idle_46":{"x":428,"y":1149,"w":391,"h":274},
		"idle_63":{"x":0,"y":1552,"w":421,"h":307},
		"idle_52":{"x":1319,"y":285,"w":410,"h":289},
		"idle_62":{"x":0,"y":1245,"w":422,"h":307}
	}}