{"mc":{
	"0":{
		"frameRate":9,
		"labels":[
			{"name":"0","frame":1,"end":22}
			
			],
		"events":[
			
			],
		"frames":[
			
			{
			"res":"idle_1",
			"x":-150,
			"y":-5
			},
			{
			"res":"idle_2",
			"x":-147,
			"y":-3
			},
			{
			"res":"idle_3",
			"x":-149,
			"y":-2
			},
			{
			"res":"idle_4",
			"x":-149,
			"y":1
			},
			{
			"res":"idle_5",
			"x":-149,
			"y":5
			},
			{
			"res":"idle_6",
			"x":-154,
			"y":11
			},
			{
			"res":"idle_7",
			"x":-158,
			"y":17
			},
			{
			"res":"idle_8",
			"x":-165,
			"y":24
			},
			{
			"res":"idle_9",
			"x":-171,
			"y":30
			},
			{
			"res":"idle_10",
			"x":-172,
			"y":31
			},
			{
			"res":"idle_11",
			"x":-174,
			"y":32
			},
			{
			"res":"idle_12",
			"x":-172,
			"y":33
			},
			{
			"res":"idle_13",
			"x":-165,
			"y":34
			},
			{
			"res":"idle_14",
			"x":-158,
			"y":35
			},
			{
			"res":"idle_15",
			"x":-151,
			"y":35
			},
			{
			"res":"idle_16",
			"x":-145,
			"y":35
			},
			{
			"res":"idle_17",
			"x":-145,
			"y":35
			},
			{
			"res":"idle_18",
			"x":-143,
			"y":35
			},
			{
			"res":"idle_19",
			"x":-142,
			"y":35
			},
			{
			"res":"idle_20",
			"x":-143,
			"y":34
			},
			{
			"res":"idle_21",
			"x":-147,
			"y":34
			},
			{
			"res":"idle_22",
			"x":-157,
			"y":33
			}
			]
}},
	"res":{
		"idle_15":{"x":1664,"y":268,"w":384,"h":267},
		"idle_12":{"x":1249,"y":293,"w":409,"h":269},
		"idle_22":{"x":417,"y":306,"w":394,"h":269},
		"idle_6":{"x":1246,"y":0,"w":418,"h":293},
		"idle_7":{"x":0,"y":915,"w":419,"h":287},
		"idle_8":{"x":0,"y":1202,"w":423,"h":280},
		"idle_19":{"x":426,"y":1644,"w":378,"h":267},
		"idle_1":{"x":0,"y":0,"w":417,"h":308},
		"idle_9":{"x":0,"y":1482,"w":426,"h":273},
		"idle_5":{"x":831,"y":0,"w":415,"h":298},
		"idle_20":{"x":419,"y":842,"w":379,"h":268},
		"idle_4":{"x":0,"y":613,"w":416,"h":302},
		"idle_16":{"x":423,"y":1110,"w":379,"h":267},
		"idle_13":{"x":1249,"y":562,"w":399,"h":268},
		"idle_10":{"x":0,"y":1755,"w":422,"h":272},
		"idle_17":{"x":426,"y":1377,"w":379,"h":267},
		"idle_11":{"x":831,"y":298,"w":418,"h":271},
		"idle_18":{"x":1658,"y":535,"w":378,"h":267},
		"idle_2":{"x":417,"y":0,"w":414,"h":306},
		"idle_21":{"x":1664,"y":0,"w":383,"h":268},
		"idle_3":{"x":0,"y":308,"w":416,"h":305},
		"idle_14":{"x":416,"y":575,"w":392,"h":267}
	}}