{"mc":{
	"0":{
		"frameRate":9,
		"labels":[
			{"name":"0","frame":1,"end":22}
			
			],
		"events":[
			
			],
		"frames":[
			
			{
			"res":"idle_1",
			"x":-150,
			"y":-5
			},
			{
			"res":"idle_2",
			"x":-147,
			"y":-3
			},
			{
			"res":"idle_3",
			"x":-150,
			"y":-1
			},
			{
			"res":"idle_4",
			"x":-148,
			"y":2
			},
			{
			"res":"idle_5",
			"x":-151,
			"y":7
			},
			{
			"res":"idle_6",
			"x":-155,
			"y":13
			},
			{
			"res":"idle_7",
			"x":-160,
			"y":19
			},
			{
			"res":"idle_8",
			"x":-167,
			"y":26
			},
			{
			"res":"idle_9",
			"x":-171,
			"y":30
			},
			{
			"res":"idle_10",
			"x":-173,
			"y":31
			},
			{
			"res":"idle_11",
			"x":-175,
			"y":32
			},
			{
			"res":"idle_12",
			"x":-171,
			"y":33
			},
			{
			"res":"idle_13",
			"x":-163,
			"y":34
			},
			{
			"res":"idle_14",
			"x":-156,
			"y":35
			},
			{
			"res":"idle_15",
			"x":-150,
			"y":35
			},
			{
			"res":"idle_16",
			"x":-145,
			"y":35
			},
			{
			"res":"idle_17",
			"x":-145,
			"y":35
			},
			{
			"res":"idle_18",
			"x":-143,
			"y":35
			},
			{
			"res":"idle_19",
			"x":-142,
			"y":35
			},
			{
			"res":"idle_20",
			"x":-143,
			"y":34
			},
			{
			"res":"idle_21",
			"x":-149,
			"y":33
			},
			{
			"res":"idle_22",
			"x":-161,
			"y":32
			}
			]
}},
	"res":{
		"idle_4":{"x":1248,"y":0,"w":415,"h":301},
		"idle_13":{"x":844,"y":870,"w":397,"h":268},
		"idle_10":{"x":1268,"y":597,"w":420,"h":272},
		"idle_2":{"x":834,"y":0,"w":414,"h":306},
		"idle_12":{"x":835,"y":306,"w":406,"h":269},
		"idle_7":{"x":0,"y":597,"w":420,"h":285},
		"idle_8":{"x":420,"y":597,"w":424,"h":277},
		"idle_19":{"x":1188,"y":1138,"w":378,"h":267},
		"idle_11":{"x":0,"y":308,"w":416,"h":270},
		"idle_21":{"x":1663,"y":0,"w":385,"h":269},
		"idle_18":{"x":810,"y":1138,"w":378,"h":267},
		"idle_9":{"x":844,"y":597,"w":424,"h":273},
		"idle_22":{"x":1268,"y":869,"w":398,"h":269},
		"idle_14":{"x":420,"y":874,"w":390,"h":267},
		"idle_20":{"x":1666,"y":869,"w":379,"h":268},
		"idle_17":{"x":1666,"y":1137,"w":379,"h":267},
		"idle_5":{"x":1248,"y":301,"w":417,"h":296},
		"idle_16":{"x":0,"y":882,"w":379,"h":267},
		"idle_15":{"x":1665,"y":269,"w":383,"h":267},
		"idle_1":{"x":0,"y":0,"w":417,"h":308},
		"idle_6":{"x":417,"y":306,"w":418,"h":291},
		"idle_3":{"x":417,"y":0,"w":417,"h":304}
	}}