{"mc":{
	"0":{
		"frameRate":9,
		"labels":[
			{"name":"0","frame":1,"end":20}
			
			],
		"events":[
			
			],
		"frames":[
			
			{
			"res":"idle_45",
			"x":-154,
			"y":30
			},
			{
			"res":"idle_46",
			"x":-149,
			"y":30
			},
			{
			"res":"idle_47",
			"x":-142,
			"y":29
			},
			{
			"res":"idle_48",
			"x":-137,
			"y":28
			},
			{
			"res":"idle_49",
			"x":-137,
			"y":28
			},
			{
			"res":"idle_50",
			"x":-137,
			"y":27
			},
			{
			"res":"idle_51",
			"x":-139,
			"y":26
			},
			{
			"res":"idle_52",
			"x":-144,
			"y":20
			},
			{
			"res":"idle_53",
			"x":-149,
			"y":15
			},
			{
			"res":"idle_54",
			"x":-153,
			"y":18
			},
			{
			"res":"idle_55",
			"x":-160,
			"y":26
			},
			{
			"res":"idle_56",
			"x":-163,
			"y":16
			},
			{
			"res":"idle_57",
			"x":-168,
			"y":-3
			},
			{
			"res":"idle_58",
			"x":-174,
			"y":-9
			},
			{
			"res":"idle_59",
			"x":-176,
			"y":-12
			},
			{
			"res":"idle_60",
			"x":-173,
			"y":-10
			},
			{
			"res":"idle_61",
			"x":-166,
			"y":-7
			},
			{
			"res":"idle_62",
			"x":-160,
			"y":-5
			},
			{
			"res":"idle_63",
			"x":-155,
			"y":-4
			},
			{
			"res":"idle_64",
			"x":-152,
			"y":-4
			}
			]
}},
	"res":{
		"idle_54":{"x":1299,"y":307,"w":405,"h":285},
		"idle_52":{"x":1299,"y":592,"w":402,"h":284},
		"idle_47":{"x":830,"y":873,"w":391,"h":274},
		"idle_50":{"x":1221,"y":876,"w":385,"h":276},
		"idle_59":{"x":0,"y":0,"w":446,"h":315},
		"idle_61":{"x":0,"y":628,"w":434,"h":309},
		"idle_48":{"x":427,"y":1137,"w":386,"h":275},
		"idle_62":{"x":0,"y":937,"w":427,"h":307},
		"idle_51":{"x":843,"y":596,"w":391,"h":277},
		"idle_53":{"x":887,"y":307,"w":412,"h":289},
		"idle_63":{"x":1321,"y":0,"w":422,"h":307},
		"idle_56":{"x":0,"y":1551,"w":420,"h":287},
		"idle_46":{"x":434,"y":864,"w":396,"h":273},
		"idle_64":{"x":0,"y":1244,"w":419,"h":307},
		"idle_57":{"x":887,"y":0,"w":434,"h":307},
		"idle_55":{"x":446,"y":313,"w":404,"h":278},
		"idle_45":{"x":443,"y":591,"w":400,"h":273},
		"idle_49":{"x":813,"y":1147,"w":386,"h":274},
		"idle_60":{"x":0,"y":315,"w":443,"h":313},
		"idle_58":{"x":446,"y":0,"w":441,"h":313}
	}}