{"file":"item_merge.png","frames":{
"hp_01_png":{"x":929,"y":1393,"w":462,"h":462,"offX":20,"offY":18,"sourceW":500,"sourceH":500},
"sp_01_png":{"x":929,"y":929,"w":462,"h":462,"offX":20,"offY":18,"sourceW":500,"sourceH":500},
"bu_01_png":{"x":929,"y":465,"w":462,"h":462,"offX":20,"offY":18,"sourceW":500,"sourceH":500},
"po_01_png":{"x":929,"y":1,"w":462,"h":462,"offX":20,"offY":18,"sourceW":500,"sourceH":500},
"hp_03_png":{"x":465,"y":1393,"w":462,"h":462,"offX":20,"offY":18,"sourceW":500,"sourceH":500},
"sp_03_png":{"x":465,"y":929,"w":462,"h":462,"offX":20,"offY":18,"sourceW":500,"sourceH":500},
"bu_03_png":{"x":465,"y":465,"w":462,"h":462,"offX":20,"offY":18,"sourceW":500,"sourceH":500},
"po_03_png":{"x":465,"y":1,"w":462,"h":462,"offX":20,"offY":18,"sourceW":500,"sourceH":500},
"gift_01_png":{"x":1393,"y":375,"w":95,"h":77,"offX":0,"offY":0,"sourceW":95,"sourceH":77},
"start_01_png":{"x":1393,"y":188,"w":154,"h":185,"offX":0,"offY":0,"sourceW":154,"sourceH":185},
"start_02_png":{"x":1393,"y":1,"w":154,"h":185,"offX":0,"offY":0,"sourceW":154,"sourceH":185},
"hp_02_png":{"x":1,"y":1393,"w":462,"h":462,"offX":20,"offY":18,"sourceW":500,"sourceH":500},
"sp_02_png":{"x":1,"y":929,"w":462,"h":462,"offX":20,"offY":18,"sourceW":500,"sourceH":500},
"bu_02_png":{"x":1,"y":465,"w":462,"h":462,"offX":20,"offY":18,"sourceW":500,"sourceH":500},
"po_02_png":{"x":1,"y":1,"w":462,"h":462,"offX":20,"offY":18,"sourceW":500,"sourceH":500}}}