{"file":"map_res2_icon.png","frames":{
"res_69_png":{"x":1,"y":337,"w":82,"h":110,"offX":0,"offY":12,"sourceW":82,"sourceH":122},
"res_68_png":{"x":1,"y":225,"w":82,"h":110,"offX":0,"offY":12,"sourceW":82,"sourceH":122},
"res_67_png":{"x":1,"y":113,"w":82,"h":110,"offX":0,"offY":12,"sourceW":82,"sourceH":122},
"res_66_png":{"x":1,"y":1,"w":82,"h":110,"offX":0,"offY":12,"sourceW":82,"sourceH":122},
"res_65_png":{"x":169,"y":884,"w":82,"h":96,"offX":0,"offY":26,"sourceW":82,"sourceH":122},
"res_64_png":{"x":169,"y":786,"w":82,"h":96,"offX":0,"offY":26,"sourceW":82,"sourceH":122},
"res_63_png":{"x":169,"y":688,"w":82,"h":96,"offX":0,"offY":26,"sourceW":82,"sourceH":122},
"res_62_png":{"x":169,"y":590,"w":82,"h":96,"offX":0,"offY":26,"sourceW":82,"sourceH":122},
"res_61_png":{"x":169,"y":492,"w":82,"h":96,"offX":0,"offY":26,"sourceW":82,"sourceH":122},
"res_60_png":{"x":169,"y":394,"w":82,"h":96,"offX":0,"offY":26,"sourceW":82,"sourceH":122},
"res_59_png":{"x":169,"y":296,"w":82,"h":96,"offX":0,"offY":26,"sourceW":82,"sourceH":122},
"res_58_png":{"x":169,"y":198,"w":82,"h":96,"offX":0,"offY":26,"sourceW":82,"sourceH":122},
"res_57_png":{"x":169,"y":100,"w":82,"h":96,"offX":0,"offY":26,"sourceW":82,"sourceH":122},
"res_56_png":{"x":253,"y":295,"w":82,"h":96,"offX":0,"offY":26,"sourceW":82,"sourceH":122},
"res_55_png":{"x":253,"y":197,"w":82,"h":96,"offX":0,"offY":26,"sourceW":82,"sourceH":122},
"res_54_png":{"x":253,"y":99,"w":82,"h":96,"offX":0,"offY":26,"sourceW":82,"sourceH":122},
"res_53_png":{"x":253,"y":1,"w":82,"h":96,"offX":0,"offY":26,"sourceW":82,"sourceH":122},
"res_52_png":{"x":335,"y":477,"w":82,"h":82,"offX":0,"offY":0,"sourceW":82,"sourceH":82},
"res_51_png":{"x":335,"y":393,"w":82,"h":82,"offX":0,"offY":0,"sourceW":82,"sourceH":82},
"res_50_png":{"x":253,"y":591,"w":82,"h":82,"offX":0,"offY":0,"sourceW":82,"sourceH":82},
"res_49_png":{"x":253,"y":675,"w":82,"h":82,"offX":0,"offY":0,"sourceW":82,"sourceH":82},
"res_48_png":{"x":1,"y":749,"w":82,"h":98,"offX":0,"offY":23,"sourceW":82,"sourceH":122},
"res_47_png":{"x":1,"y":649,"w":82,"h":98,"offX":0,"offY":23,"sourceW":82,"sourceH":122},
"res_46_png":{"x":1,"y":549,"w":82,"h":98,"offX":0,"offY":23,"sourceW":82,"sourceH":122},
"res_45_png":{"x":1,"y":449,"w":82,"h":98,"offX":0,"offY":23,"sourceW":82,"sourceH":122},
"res_44_png":{"x":169,"y":1,"w":82,"h":97,"offX":0,"offY":25,"sourceW":82,"sourceH":122},
"res_43_png":{"x":85,"y":895,"w":82,"h":97,"offX":0,"offY":25,"sourceW":82,"sourceH":122},
"res_42_png":{"x":85,"y":796,"w":82,"h":97,"offX":0,"offY":25,"sourceW":82,"sourceH":122},
"res_41_png":{"x":85,"y":697,"w":82,"h":97,"offX":0,"offY":25,"sourceW":82,"sourceH":122},
"res_40_png":{"x":85,"y":201,"w":82,"h":98,"offX":0,"offY":24,"sourceW":82,"sourceH":122},
"res_39_png":{"x":85,"y":101,"w":82,"h":98,"offX":0,"offY":24,"sourceW":82,"sourceH":122},
"res_38_png":{"x":85,"y":1,"w":82,"h":98,"offX":0,"offY":24,"sourceW":82,"sourceH":122},
"res_37_png":{"x":1,"y":849,"w":82,"h":98,"offX":0,"offY":24,"sourceW":82,"sourceH":122},
"res_36_png":{"x":85,"y":598,"w":82,"h":97,"offX":0,"offY":25,"sourceW":82,"sourceH":122},
"res_35_png":{"x":85,"y":499,"w":82,"h":97,"offX":0,"offY":25,"sourceW":82,"sourceH":122},
"res_34_png":{"x":85,"y":400,"w":82,"h":97,"offX":0,"offY":25,"sourceW":82,"sourceH":122},
"res_33_png":{"x":85,"y":301,"w":82,"h":97,"offX":0,"offY":25,"sourceW":82,"sourceH":122},
"res_32_png":{"x":253,"y":393,"w":80,"h":97,"offX":1,"offY":25,"sourceW":82,"sourceH":122},
"res_31_png":{"x":253,"y":492,"w":80,"h":97,"offX":1,"offY":25,"sourceW":82,"sourceH":122}}}