{"mc":{
	"0":{
		"frameRate":9,
		"labels":[
			{"name":"0","frame":1,"end":21}
			
			],
		"events":[
			
			],
		"frames":[
			
			{
			"res":"idle_45",
			"x":-156,
			"y":30
			},
			{
			"res":"idle_46",
			"x":-151,
			"y":30
			},
			{
			"res":"idle_47",
			"x":-144,
			"y":29
			},
			{
			"res":"idle_48",
			"x":-139,
			"y":29
			},
			{
			"res":"idle_49",
			"x":-137,
			"y":28
			},
			{
			"res":"idle_50",
			"x":-137,
			"y":27
			},
			{
			"res":"idle_51",
			"x":-138,
			"y":26
			},
			{
			"res":"idle_52",
			"x":-142,
			"y":24
			},
			{
			"res":"idle_53",
			"x":-147,
			"y":17
			},
			{
			"res":"idle_54",
			"x":-151,
			"y":15
			},
			{
			"res":"idle_55",
			"x":-156,
			"y":24
			},
			{
			"res":"idle_56",
			"x":-161,
			"y":25
			},
			{
			"res":"idle_57",
			"x":-165,
			"y":6
			},
			{
			"res":"idle_58",
			"x":-171,
			"y":-8
			},
			{
			"res":"idle_59",
			"x":-176,
			"y":-10
			},
			{
			"res":"idle_60",
			"x":-176,
			"y":-12
			},
			{
			"res":"idle_61",
			"x":-171,
			"y":-9
			},
			{
			"res":"idle_62",
			"x":-163,
			"y":-6
			},
			{
			"res":"idle_63",
			"x":-158,
			"y":-4
			},
			{
			"res":"idle_64",
			"x":-155,
			"y":-4
			},
			{
			"res":"idle_65",
			"x":-152,
			"y":-5
			}
			]
}},
	"res":{
		"idle_62":{"x":891,"y":312,"w":430,"h":308},
		"idle_60":{"x":0,"y":0,"w":447,"h":315},
		"idle_63":{"x":447,"y":313,"w":424,"h":306},
		"idle_48":{"x":388,"y":1472,"w":388,"h":274},
		"idle_46":{"x":0,"y":1199,"w":398,"h":273},
		"idle_61":{"x":891,"y":0,"w":440,"h":312},
		"idle_49":{"x":776,"y":1200,"w":386,"h":275},
		"idle_57":{"x":1321,"y":312,"w":428,"h":297},
		"idle_54":{"x":0,"y":622,"w":412,"h":289},
		"idle_53":{"x":0,"y":911,"w":408,"h":288},
		"idle_51":{"x":0,"y":1472,"w":388,"h":277},
		"idle_58":{"x":1331,"y":0,"w":437,"h":312},
		"idle_65":{"x":422,"y":619,"w":419,"h":308},
		"idle_64":{"x":0,"y":315,"w":422,"h":307},
		"idle_55":{"x":841,"y":620,"w":398,"h":280},
		"idle_52":{"x":841,"y":900,"w":397,"h":280},
		"idle_47":{"x":0,"y":1749,"w":392,"h":274},
		"idle_59":{"x":447,"y":0,"w":444,"h":313},
		"idle_45":{"x":408,"y":927,"w":401,"h":273},
		"idle_50":{"x":392,"y":1746,"w":386,"h":275},
		"idle_56":{"x":1321,"y":609,"w":412,"h":278}
	}}