{"mc":{
	"0":{
		"frameRate":9,
		"labels":[
			{"name":"0","frame":1,"end":22}
			
			],
		"events":[
			
			],
		"frames":[
			
			{
			"res":"idle_23",
			"x":-163,
			"y":32
			},
			{
			"res":"idle_24",
			"x":-169,
			"y":31
			},
			{
			"res":"idle_25",
			"x":-173,
			"y":29
			},
			{
			"res":"idle_26",
			"x":-172,
			"y":15
			},
			{
			"res":"idle_27",
			"x":-169,
			"y":4
			},
			{
			"res":"idle_28",
			"x":-165,
			"y":-1
			},
			{
			"res":"idle_29",
			"x":-162,
			"y":6
			},
			{
			"res":"idle_30",
			"x":-157,
			"y":22
			},
			{
			"res":"idle_31",
			"x":-150,
			"y":28
			},
			{
			"res":"idle_32",
			"x":-142,
			"y":29
			},
			{
			"res":"idle_33",
			"x":-139,
			"y":30
			},
			{
			"res":"idle_34",
			"x":-139,
			"y":31
			},
			{
			"res":"idle_35",
			"x":-143,
			"y":31
			},
			{
			"res":"idle_36",
			"x":-148,
			"y":32
			},
			{
			"res":"idle_37",
			"x":-151,
			"y":33
			},
			{
			"res":"idle_38",
			"x":-157,
			"y":33
			},
			{
			"res":"idle_39",
			"x":-163,
			"y":33
			},
			{
			"res":"idle_40",
			"x":-167,
			"y":33
			},
			{
			"res":"idle_41",
			"x":-169,
			"y":33
			},
			{
			"res":"idle_42",
			"x":-167,
			"y":32
			},
			{
			"res":"idle_43",
			"x":-163,
			"y":31
			},
			{
			"res":"idle_44",
			"x":-157,
			"y":31
			}
			]
}},
	"res":{
		"idle_30":{"x":847,"y":296,"w":404,"h":280},
		"idle_25":{"x":1264,"y":287,"w":426,"h":272},
		"idle_42":{"x":413,"y":569,"w":411,"h":271},
		"idle_36":{"x":1658,"y":559,"w":390,"h":270},
		"idle_43":{"x":1251,"y":559,"w":407,"h":272},
		"idle_38":{"x":1231,"y":831,"w":401,"h":269},
		"idle_24":{"x":422,"y":299,"w":417,"h":270},
		"idle_32":{"x":0,"y":1112,"w":383,"h":273},
		"idle_35":{"x":383,"y":1112,"w":384,"h":271},
		"idle_40":{"x":0,"y":573,"w":411,"h":270},
		"idle_33":{"x":383,"y":1383,"w":380,"h":272},
		"idle_23":{"x":0,"y":843,"w":402,"h":269},
		"idle_39":{"x":824,"y":576,"w":407,"h":270},
		"idle_37":{"x":1632,"y":831,"w":394,"h":269},
		"idle_29":{"x":847,"y":0,"w":417,"h":296},
		"idle_28":{"x":0,"y":0,"w":422,"h":303},
		"idle_44":{"x":411,"y":840,"w":401,"h":272},
		"idle_26":{"x":1264,"y":0,"w":427,"h":287},
		"idle_31":{"x":812,"y":846,"w":389,"h":274},
		"idle_34":{"x":0,"y":1385,"w":380,"h":271},
		"idle_41":{"x":0,"y":303,"w":413,"h":270},
		"idle_27":{"x":422,"y":0,"w":425,"h":299}
	}}