{"mc":{
	"0":{
		"frameRate":9,
		"labels":[
			{"name":"0","frame":1,"end":22}
			
			],
		"events":[
			
			],
		"frames":[
			
			{
			"res":"idle_1",
			"x":-149,
			"y":-4
			},
			{
			"res":"idle_2",
			"x":-147,
			"y":-3
			},
			{
			"res":"idle_3",
			"x":-150,
			"y":-1
			},
			{
			"res":"idle_4",
			"x":-149,
			"y":2
			},
			{
			"res":"idle_5",
			"x":-149,
			"y":5
			},
			{
			"res":"idle_6",
			"x":-154,
			"y":10
			},
			{
			"res":"idle_7",
			"x":-158,
			"y":16
			},
			{
			"res":"idle_8",
			"x":-165,
			"y":24
			},
			{
			"res":"idle_9",
			"x":-170,
			"y":30
			},
			{
			"res":"idle_10",
			"x":-172,
			"y":31
			},
			{
			"res":"idle_11",
			"x":-174,
			"y":32
			},
			{
			"res":"idle_12",
			"x":-173,
			"y":33
			},
			{
			"res":"idle_13",
			"x":-167,
			"y":34
			},
			{
			"res":"idle_14",
			"x":-160,
			"y":35
			},
			{
			"res":"idle_15",
			"x":-153,
			"y":35
			},
			{
			"res":"idle_16",
			"x":-147,
			"y":35
			},
			{
			"res":"idle_17",
			"x":-145,
			"y":35
			},
			{
			"res":"idle_18",
			"x":-144,
			"y":35
			},
			{
			"res":"idle_19",
			"x":-142,
			"y":35
			},
			{
			"res":"idle_20",
			"x":-142,
			"y":35
			},
			{
			"res":"idle_21",
			"x":-144,
			"y":34
			},
			{
			"res":"idle_22",
			"x":-151,
			"y":33
			}
			]
}},
	"res":{
		"idle_11":{"x":0,"y":605,"w":418,"h":271},
		"idle_9":{"x":1255,"y":581,"w":425,"h":273},
		"idle_6":{"x":1247,"y":0,"w":418,"h":293},
		"idle_3":{"x":416,"y":0,"w":417,"h":304},
		"idle_10":{"x":1255,"y":854,"w":422,"h":272},
		"idle_8":{"x":832,"y":581,"w":423,"h":280},
		"idle_12":{"x":418,"y":605,"w":411,"h":269},
		"idle_5":{"x":0,"y":307,"w":415,"h":298},
		"idle_2":{"x":833,"y":0,"w":414,"h":306},
		"idle_20":{"x":1602,"y":1126,"w":378,"h":267},
		"idle_7":{"x":1247,"y":293,"w":420,"h":288},
		"idle_4":{"x":416,"y":304,"w":416,"h":301},
		"idle_13":{"x":832,"y":306,"w":401,"h":268},
		"idle_21":{"x":1667,"y":0,"w":380,"h":268},
		"idle_14":{"x":829,"y":861,"w":394,"h":267},
		"idle_15":{"x":0,"y":876,"w":386,"h":267},
		"idle_22":{"x":418,"y":874,"w":387,"h":269},
		"idle_18":{"x":805,"y":1128,"w":378,"h":267},
		"idle_17":{"x":1223,"y":1126,"w":379,"h":267},
		"idle_1":{"x":0,"y":0,"w":416,"h":307},
		"idle_19":{"x":0,"y":1395,"w":377,"h":267},
		"idle_16":{"x":1667,"y":268,"w":380,"h":267}
	}}