{"mc":{
	"0":{
		"frameRate":10,
		"labels":[
			{"name":"0","frame":1,"end":6}
			
			],
		"events":[
			
			],
		"frames":[
			
			{
			"res":"p3_up_01_png",
			"x":-39,
			"y":-87
			},
			{
			"res":"p3_up_02_png",
			"x":-39,
			"y":-86
			},
			{
			"res":"p3_up_03_png",
			"x":-39,
			"y":-86
			},
			{
			"res":"p3_up_04_png",
			"x":-39,
			"y":-87
			},
			{
			"res":"p3_up_05_png",
			"x":-39,
			"y":-86
			},
			{
			"res":"p3_up_06_png",
			"x":-39,
			"y":-86
			}
			]
}},
	"res":{
		"p3_up_06_png":{"x":1,"y":265,"w":78,"h":129},
		"p3_up_05_png":{"x":81,"y":1,"w":78,"h":129},
		"p3_up_01_png":{"x":1,"y":133,"w":78,"h":130},
		"p3_up_03_png":{"x":81,"y":132,"w":78,"h":129},
		"p3_up_02_png":{"x":81,"y":263,"w":78,"h":129},
		"p3_up_04_png":{"x":1,"y":1,"w":78,"h":130}
	}}