{"mc":{
	"0":{
		"frameRate":10,
		"labels":[
			{"name":"0","frame":1,"end":6}
			
			],
		"events":[
			
			],
		"frames":[
			
			{
			"res":"p4_left_01_png",
			"x":-41,
			"y":-92
			},
			{
			"res":"p4_left_02_png",
			"x":-41,
			"y":-93
			},
			{
			"res":"p4_left_03_png",
			"x":-41,
			"y":-94
			},
			{
			"res":"p4_left_04_png",
			"x":-41,
			"y":-94
			},
			{
			"res":"p4_left_05_png",
			"x":-41,
			"y":-93
			},
			{
			"res":"p4_left_06_png",
			"x":-41,
			"y":-92
			}
			]
}},
	"res":{
		"p4_left_03_png":{"x":1,"y":1,"w":86,"h":137},
		"p4_left_04_png":{"x":1,"y":140,"w":86,"h":137},
		"p4_left_05_png":{"x":1,"y":279,"w":86,"h":136},
		"p4_left_01_png":{"x":89,"y":276,"w":86,"h":135},
		"p4_left_06_png":{"x":89,"y":139,"w":86,"h":135},
		"p4_left_02_png":{"x":89,"y":1,"w":86,"h":136}
	}}