{"mc":{
	"0":{
		"frameRate":10,
		"labels":[
			{"name":"0","frame":1,"end":4}
			
			],
		"events":[
			
			],
		"frames":[
			
			{
			"res":"pai4_left_01_png",
			"x":-51,
			"y":-40
			},
			{
			"res":"pai4_left_02_png",
			"x":-52,
			"y":-32
			},
			{
			"res":"pai4_left_03_png",
			"x":-52,
			"y":-25
			},
			{
			"res":"pai4_left_04_png",
			"x":-52,
			"y":-33
			}
			]
}},
	"res":{
		"pai4_left_04_png":{"x":1,"y":110,"w":108,"h":100},
		"pai4_left_01_png":{"x":1,"y":1,"w":107,"h":107},
		"pai4_left_03_png":{"x":111,"y":102,"w":108,"h":92},
		"pai4_left_02_png":{"x":110,"y":1,"w":108,"h":99}
	}}