{"mc":{
	"0":{
		"frameRate":10,
		"labels":[
			{"name":"0","frame":1,"end":6}
			
			],
		"events":[
			
			],
		"frames":[
			
			{
			"res":"right_1_png",
			"x":-38,
			"y":-79
			},
			{
			"res":"right_2_png",
			"x":-38,
			"y":-77
			},
			{
			"res":"right_3_png",
			"x":-38,
			"y":-78
			},
			{
			"res":"right_4_png",
			"x":-38,
			"y":-79
			},
			{
			"res":"right_5_png",
			"x":-38,
			"y":-77
			},
			{
			"res":"right_6_png",
			"x":-38,
			"y":-78
			}
			]
}},
	"res":{
		"right_5_png":{"x":76,"y":133,"w":73,"h":129},
		"right_3_png":{"x":1,"y":267,"w":73,"h":130},
		"right_2_png":{"x":76,"y":264,"w":73,"h":129},
		"right_6_png":{"x":76,"y":1,"w":73,"h":130},
		"right_1_png":{"x":1,"y":134,"w":73,"h":131},
		"right_4_png":{"x":1,"y":1,"w":73,"h":131}
	}}