{"mc":{
	"0":{
		"frameRate":7,
		"labels":[
			{"name":"0","frame":1,"end":4}
			
			],
		"events":[
			
			],
		"frames":[
			
			{
			"res":"down_s_1_png",
			"x":-38,
			"y":-75
			},
			{
			"res":"down_s_2_png",
			"x":-38,
			"y":-77
			},
			{
			"res":"down_s_3_png",
			"x":-38,
			"y":-78
			},
			{
			"res":"down_s_4_png",
			"x":-38,
			"y":-76
			}
			]
}},
	"res":{
		"down_s_4_png":{"x":1,"y":264,"w":74,"h":128},
		"down_s_2_png":{"x":1,"y":133,"w":74,"h":129},
		"down_s_3_png":{"x":1,"y":1,"w":74,"h":130},
		"down_s_1_png":{"x":77,"y":1,"w":74,"h":127}
	}}