{"mc":{
	"0":{
		"frameRate":7,
		"labels":[
			{"name":"0","frame":1,"end":4}
			
			],
		"events":[
			
			],
		"frames":[
			
			{
			"res":"left_s_1_png",
			"x":-37,
			"y":-78
			},
			{
			"res":"left_s_2_png",
			"x":-37,
			"y":-80
			},
			{
			"res":"left_s_3_png",
			"x":-36,
			"y":-79
			},
			{
			"res":"left_s_4_png",
			"x":-37,
			"y":-80
			}
			]
}},
	"res":{
		"left_s_3_png":{"x":77,"y":1,"w":73,"h":131},
		"left_s_2_png":{"x":1,"y":1,"w":74,"h":132},
		"left_s_1_png":{"x":152,"y":1,"w":73,"h":130},
		"left_s_4_png":{"x":1,"y":1,"w":74,"h":132}
	}}