{"mc":{
	"0":{
		"frameRate":7,
		"labels":[
			{"name":"0","frame":1,"end":4}
			
			],
		"events":[
			
			],
		"frames":[
			
			{
			"res":"up_s_1_png",
			"x":-38,
			"y":-72
			},
			{
			"res":"up_s_2_png",
			"x":-38,
			"y":-73
			},
			{
			"res":"up_s_3_png",
			"x":-38,
			"y":-75
			},
			{
			"res":"up_s_4_png",
			"x":-38,
			"y":-72
			}
			]
}},
	"res":{
		"up_s_1_png":{"x":1,"y":130,"w":73,"h":124},
		"up_s_2_png":{"x":76,"y":127,"w":73,"h":125},
		"up_s_3_png":{"x":1,"y":1,"w":73,"h":127},
		"up_s_4_png":{"x":76,"y":1,"w":74,"h":124}
	}}