{"mc":{
	"0":{
		"frameRate":24,
		"labels":[
			{"name":"0","frame":1,"end":18}
			
			],
		"events":[
			
			],
		"frames":[
			
			{
			"res":"SpeedNet_000_000",
			"x":-4,
			"y":-6
			},
			{
			"res":"SpeedNet_000_001",
			"x":-22,
			"y":-23
			},
			{
			"res":"SpeedNet_000_002",
			"x":-17,
			"y":-19
			},
			{
			"res":"SpeedNet_000_003",
			"x":-13,
			"y":-16
			},
			{
			"res":"SpeedNet_000_004",
			"x":-17,
			"y":-19
			},
			{
			"res":"SpeedNet_000_005",
			"x":-19,
			"y":-20
			},
			{
			"res":"SpeedNet_000_006",
			"x":-22,
			"y":-22
			},
			{
			"res":"SpeedNet_000_007",
			"x":-24,
			"y":-24
			},
			{
			"res":"SpeedNet_000_008",
			"x":-26,
			"y":-25
			},
			{
			"res":"SpeedNet_000_009",
			"x":-27,
			"y":-26
			},
			{
			"res":"SpeedNet_000_010",
			"x":-27,
			"y":-26
			},
			{
			"res":"SpeedNet_000_011",
			"x":-27,
			"y":-25
			},
			{
			"res":"SpeedNet_000_012",
			"x":-27,
			"y":-25
			},
			{
			"res":"SpeedNet_000_013",
			"x":-26,
			"y":-21
			},
			{
			"res":"SpeedNet_000_014",
			"x":-22,
			"y":-20
			},
			{
			"res":"SpeedNet_000_015",
			"x":-13,
			"y":-17
			},
			{
			"res":"SpeedNet_000_016",
			"x":-14,
			"y":-17
			},
			{
			"res":"SpeedNet_000_017",
			"x":-15,
			"y":-17
			}
			]
}},
	"res":{
		"SpeedNet_000_002":{"x":218,"y":1,"w":36,"h":35},
		"SpeedNet_000_013":{"x":55,"y":53,"w":52,"h":46},
		"SpeedNet_000_000":{"x":218,"y":37,"w":7,"h":11},
		"SpeedNet_000_008":{"x":164,"y":52,"w":50,"h":50},
		"SpeedNet_000_017":{"x":95,"y":102,"w":37,"h":31},
		"SpeedNet_000_016":{"x":134,"y":104,"w":35,"h":30},
		"SpeedNet_000_001":{"x":1,"y":54,"w":44,"h":46},
		"SpeedNet_000_007":{"x":108,"y":54,"w":47,"h":47},
		"SpeedNet_000_014":{"x":46,"y":100,"w":48,"h":41},
		"SpeedNet_000_004":{"x":215,"y":92,"w":34,"h":36},
		"SpeedNet_000_010":{"x":1,"y":1,"w":53,"h":52},
		"SpeedNet_000_012":{"x":164,"y":1,"w":53,"h":50},
		"SpeedNet_000_009":{"x":110,"y":1,"w":52,"h":52},
		"SpeedNet_000_003":{"x":205,"y":130,"w":27,"h":32},
		"SpeedNet_000_011":{"x":55,"y":1,"w":54,"h":51},
		"SpeedNet_000_006":{"x":1,"y":101,"w":42,"h":44},
		"SpeedNet_000_005":{"x":215,"y":52,"w":38,"h":39},
		"SpeedNet_000_015":{"x":170,"y":104,"w":33,"h":29}
	}}