{"mc":{
	"0":{
		"frameRate":9,
		"labels":[
			{"name":"0","frame":1,"end":22}
			
			],
		"events":[
			
			],
		"frames":[
			
			{
			"res":"idle_1",
			"x":-148,
			"y":-4
			},
			{
			"res":"idle_2",
			"x":-147,
			"y":-3
			},
			{
			"res":"idle_3",
			"x":-150,
			"y":-1
			},
			{
			"res":"idle_4",
			"x":-148,
			"y":2
			},
			{
			"res":"idle_5",
			"x":-150,
			"y":7
			},
			{
			"res":"idle_6",
			"x":-155,
			"y":12
			},
			{
			"res":"idle_7",
			"x":-159,
			"y":18
			},
			{
			"res":"idle_8",
			"x":-166,
			"y":25
			},
			{
			"res":"idle_9",
			"x":-171,
			"y":30
			},
			{
			"res":"idle_10",
			"x":-172,
			"y":31
			},
			{
			"res":"idle_11",
			"x":-174,
			"y":32
			},
			{
			"res":"idle_12",
			"x":-173,
			"y":33
			},
			{
			"res":"idle_13",
			"x":-165,
			"y":34
			},
			{
			"res":"idle_14",
			"x":-158,
			"y":35
			},
			{
			"res":"idle_15",
			"x":-152,
			"y":35
			},
			{
			"res":"idle_16",
			"x":-146,
			"y":35
			},
			{
			"res":"idle_17",
			"x":-145,
			"y":35
			},
			{
			"res":"idle_18",
			"x":-143,
			"y":35
			},
			{
			"res":"idle_19",
			"x":-142,
			"y":35
			},
			{
			"res":"idle_20",
			"x":-142,
			"y":35
			},
			{
			"res":"idle_21",
			"x":-145,
			"y":34
			},
			{
			"res":"idle_22",
			"x":-152,
			"y":33
			}
			]
}},
	"res":{
		"idle_1":{"x":0,"y":0,"w":415,"h":307},
		"idle_20":{"x":418,"y":1141,"w":378,"h":267},
		"idle_14":{"x":421,"y":605,"w":392,"h":267},
		"idle_12":{"x":830,"y":306,"w":411,"h":269},
		"idle_11":{"x":0,"y":877,"w":418,"h":271},
		"idle_18":{"x":0,"y":1148,"w":378,"h":267},
		"idle_15":{"x":1662,"y":0,"w":385,"h":267},
		"idle_10":{"x":0,"y":605,"w":421,"h":272},
		"idle_21":{"x":1665,"y":267,"w":381,"h":268},
		"idle_13":{"x":0,"y":307,"w":399,"h":268},
		"idle_7":{"x":830,"y":588,"w":420,"h":286},
		"idle_6":{"x":1246,"y":296,"w":419,"h":292},
		"idle_2":{"x":832,"y":0,"w":414,"h":306},
		"idle_9":{"x":1250,"y":867,"w":425,"h":273},
		"idle_16":{"x":808,"y":874,"w":379,"h":267},
		"idle_8":{"x":1250,"y":588,"w":424,"h":279},
		"idle_19":{"x":1187,"y":1140,"w":377,"h":267},
		"idle_17":{"x":808,"y":1141,"w":379,"h":267},
		"idle_3":{"x":415,"y":0,"w":417,"h":304},
		"idle_22":{"x":421,"y":872,"w":387,"h":269},
		"idle_5":{"x":1246,"y":0,"w":416,"h":296},
		"idle_4":{"x":415,"y":304,"w":415,"h":301}
	}}