{"mc":{
	"0":{
		"frameRate":9,
		"labels":[
			{"name":"0","frame":1,"end":20}
			
			],
		"events":[
			
			],
		"frames":[
			
			{
			"res":"idle_45",
			"x":-153,
			"y":30
			},
			{
			"res":"idle_46",
			"x":-145,
			"y":29
			},
			{
			"res":"idle_47",
			"x":-140,
			"y":29
			},
			{
			"res":"idle_48",
			"x":-137,
			"y":28
			},
			{
			"res":"idle_49",
			"x":-137,
			"y":27
			},
			{
			"res":"idle_50",
			"x":-137,
			"y":26
			},
			{
			"res":"idle_51",
			"x":-140,
			"y":25
			},
			{
			"res":"idle_52",
			"x":-145,
			"y":19
			},
			{
			"res":"idle_53",
			"x":-151,
			"y":15
			},
			{
			"res":"idle_54",
			"x":-156,
			"y":24
			},
			{
			"res":"idle_55",
			"x":-161,
			"y":25
			},
			{
			"res":"idle_56",
			"x":-166,
			"y":5
			},
			{
			"res":"idle_57",
			"x":-171,
			"y":-8
			},
			{
			"res":"idle_58",
			"x":-176,
			"y":-11
			},
			{
			"res":"idle_59",
			"x":-175,
			"y":-12
			},
			{
			"res":"idle_60",
			"x":-171,
			"y":-9
			},
			{
			"res":"idle_61",
			"x":-163,
			"y":-6
			},
			{
			"res":"idle_62",
			"x":-158,
			"y":-4
			},
			{
			"res":"idle_63",
			"x":-155,
			"y":-4
			},
			{
			"res":"idle_64",
			"x":-152,
			"y":-5
			}
			]
}},
	"res":{
		"idle_52":{"x":0,"y":911,"w":404,"h":285},
		"idle_57":{"x":1331,"y":0,"w":437,"h":312},
		"idle_54":{"x":1264,"y":620,"w":399,"h":280},
		"idle_49":{"x":1246,"y":1174,"w":386,"h":275},
		"idle_46":{"x":404,"y":1191,"w":393,"h":274},
		"idle_50":{"x":0,"y":1196,"w":386,"h":277},
		"idle_47":{"x":1246,"y":900,"w":389,"h":274},
		"idle_62":{"x":446,"y":314,"w":424,"h":306},
		"idle_48":{"x":1635,"y":900,"w":386,"h":275},
		"idle_56":{"x":422,"y":620,"w":430,"h":298},
		"idle_53":{"x":0,"y":622,"w":413,"h":289},
		"idle_60":{"x":891,"y":0,"w":440,"h":312},
		"idle_59":{"x":0,"y":0,"w":446,"h":315},
		"idle_61":{"x":891,"y":312,"w":430,"h":308},
		"idle_51":{"x":852,"y":898,"w":394,"h":278},
		"idle_58":{"x":446,"y":0,"w":445,"h":314},
		"idle_45":{"x":404,"y":918,"w":399,"h":273},
		"idle_55":{"x":852,"y":620,"w":412,"h":278},
		"idle_63":{"x":0,"y":315,"w":422,"h":307},
		"idle_64":{"x":1321,"y":312,"w":419,"h":308}
	}}