{"mc":{
	"0":{
		"frameRate":5,
		"labels":[
			{"name":"0","frame":1,"end":9}
			
			],
		"events":[
			
			],
		"frames":[
			
			{
			"res":"1_png",
			"x":8,
			"y":13
			},
			{
			"res":"2_png",
			"x":24,
			"y":14
			},
			{
			"res":"3_png",
			"x":3,
			"y":1
			},
			{
			"res":"4_png",
			"x":0,
			"y":5
			},
			{
			"res":"5_png",
			"x":2,
			"y":3
			},
			{
			"res":"6_png",
			"x":0,
			"y":5
			},
			{
			"res":"7_png",
			"x":5,
			"y":2
			},
			{
			"res":"8_png",
			"x":4,
			"y":0
			},
			{
			"res":"9_png",
			"x":1,
			"y":6
			}
			]
}},
	"res":{
		"9_png":{"x":277,"y":1,"w":87,"h":63},
		"7_png":{"x":277,"y":65,"w":80,"h":66},
		"1_png":{"x":184,"y":69,"w":74,"h":48},
		"8_png":{"x":1,"y":1,"w":91,"h":69},
		"5_png":{"x":93,"y":1,"w":93,"h":66},
		"4_png":{"x":93,"y":68,"w":90,"h":64},
		"6_png":{"x":1,"y":71,"w":90,"h":64},
		"3_png":{"x":188,"y":1,"w":88,"h":67},
		"2_png":{"x":184,"y":118,"w":50,"h":54}
	}}