{"mc":{
	"0":{
		"frameRate":10,
		"labels":[
			{"name":"0","frame":1,"end":6}
			
			],
		"events":[
			
			],
		"frames":[
			
			{
			"res":"1_png",
			"x":-36,
			"y":-72
			},
			{
			"res":"2_png",
			"x":-36,
			"y":-72
			},
			{
			"res":"3_png",
			"x":-36,
			"y":-73
			},
			{
			"res":"4_png",
			"x":-36,
			"y":-72
			},
			{
			"res":"5_png",
			"x":-36,
			"y":-74
			},
			{
			"res":"6_png",
			"x":-36,
			"y":-73
			}
			]
}},
	"res":{
		"6_png":{"x":1,"y":132,"w":73,"h":128},
		"3_png":{"x":76,"y":254,"w":73,"h":124},
		"1_png":{"x":76,"y":1,"w":73,"h":125},
		"5_png":{"x":1,"y":1,"w":73,"h":129},
		"2_png":{"x":1,"y":262,"w":73,"h":125},
		"4_png":{"x":76,"y":128,"w":73,"h":124}
	}}