{"mc":{
	"0":{
		"frameRate":10,
		"labels":[
			{"name":"0","frame":1,"end":6}
			
			],
		"events":[
			
			],
		"frames":[
			
			{
			"res":"1_png",
			"x":-35,
			"y":-77
			},
			{
			"res":"2_png",
			"x":-35,
			"y":-75
			},
			{
			"res":"3_png",
			"x":-35,
			"y":-76
			},
			{
			"res":"4_png",
			"x":-35,
			"y":-75
			},
			{
			"res":"5_png",
			"x":-36,
			"y":-77
			},
			{
			"res":"6_png",
			"x":-36,
			"y":-77
			}
			]
}},
	"res":{
		"3_png":{"x":1,"y":1,"w":78,"h":131},
		"6_png":{"x":1,"y":266,"w":73,"h":132},
		"4_png":{"x":1,"y":134,"w":78,"h":130},
		"2_png":{"x":151,"y":135,"w":73,"h":130},
		"1_png":{"x":76,"y":266,"w":73,"h":132},
		"5_png":{"x":81,"y":1,"w":73,"h":132}
	}}