{"mc":{
	"0":{
		"frameRate":7,
		"labels":[
			{"name":"0","frame":1,"end":4}
			
			],
		"events":[
			
			],
		"frames":[
			
			{
			"res":"p1_stand_04_png",
			"x":-39,
			"y":-67
			},
			{
			"res":"p1_stand_03_png",
			"x":-39,
			"y":-69
			},
			{
			"res":"p1_stand_02_png",
			"x":-39,
			"y":-68
			},
			{
			"res":"p1_stand_01_png",
			"x":-37,
			"y":-66
			}
			]
}},
	"res":{
		"p1_stand_01_png":{"x":77,"y":1,"w":74,"h":127},
		"p1_stand_03_png":{"x":1,"y":1,"w":74,"h":130},
		"p1_stand_04_png":{"x":1,"y":264,"w":74,"h":128},
		"p1_stand_02_png":{"x":1,"y":133,"w":74,"h":129}
	}}