{"mc":{
	"0":{
		"frameRate":7,
		"labels":[
			{"name":"0","frame":1,"end":4}
			
			],
		"events":[
			
			],
		"frames":[
			
			{
			"res":"p2_static_03_01_png",
			"x":-44,
			"y":-66
			},
			{
			"res":"p2_static_03_02_png",
			"x":-44,
			"y":-67
			},
			{
			"res":"p2_static_03_03_png",
			"x":-44,
			"y":-67
			},
			{
			"res":"p2_static_03_04_png",
			"x":-44,
			"y":-67
			}
			]
}},
	"res":{
		"p2_static_03_01_png":{"x":1,"y":271,"w":90,"h":132},
		"p2_static_03_04_png":{"x":1,"y":136,"w":90,"h":133},
		"p2_static_03_02_png":{"x":1,"y":136,"w":90,"h":133},
		"p2_static_03_03_png":{"x":1,"y":1,"w":90,"h":133}
	}}