{"mc":{
	"0":{
		"frameRate":7,
		"labels":[
			{"name":"0","frame":1,"end":4}
			
			],
		"events":[
			
			],
		"frames":[
			
			{
			"res":"p3_static_04_01_png",
			"x":-46,
			"y":-67
			},
			{
			"res":"p3_static_04_02_png",
			"x":-45,
			"y":-68
			},
			{
			"res":"p3_static_04_03_png",
			"x":-46,
			"y":-68
			},
			{
			"res":"p3_static_04_04_png",
			"x":-48,
			"y":-67
			}
			]
}},
	"res":{
		"p3_static_04_03_png":{"x":1,"y":136,"w":88,"h":134},
		"p3_static_04_04_png":{"x":1,"y":1,"w":90,"h":133},
		"p3_static_04_01_png":{"x":1,"y":272,"w":88,"h":133},
		"p3_static_04_02_png":{"x":91,"y":136,"w":87,"h":134}
	}}