{"mc":{
	"0":{
		"frameRate":9,
		"labels":[
			{"name":"0","frame":1,"end":22}
			
			],
		"events":[
			
			],
		"frames":[
			
			{
			"res":"idle_1",
			"x":-150,
			"y":-4
			},
			{
			"res":"idle_2",
			"x":-147,
			"y":-3
			},
			{
			"res":"idle_3",
			"x":-150,
			"y":-1
			},
			{
			"res":"idle_4",
			"x":-149,
			"y":2
			},
			{
			"res":"idle_5",
			"x":-149,
			"y":6
			},
			{
			"res":"idle_6",
			"x":-154,
			"y":11
			},
			{
			"res":"idle_7",
			"x":-158,
			"y":16
			},
			{
			"res":"idle_8",
			"x":-164,
			"y":23
			},
			{
			"res":"idle_9",
			"x":-170,
			"y":30
			},
			{
			"res":"idle_10",
			"x":-172,
			"y":31
			},
			{
			"res":"idle_11",
			"x":-174,
			"y":32
			},
			{
			"res":"idle_12",
			"x":-174,
			"y":33
			},
			{
			"res":"idle_13",
			"x":-168,
			"y":34
			},
			{
			"res":"idle_14",
			"x":-160,
			"y":35
			},
			{
			"res":"idle_15",
			"x":-154,
			"y":35
			},
			{
			"res":"idle_16",
			"x":-148,
			"y":35
			},
			{
			"res":"idle_17",
			"x":-145,
			"y":35
			},
			{
			"res":"idle_18",
			"x":-144,
			"y":35
			},
			{
			"res":"idle_19",
			"x":-143,
			"y":35
			},
			{
			"res":"idle_20",
			"x":-142,
			"y":35
			},
			{
			"res":"idle_21",
			"x":-143,
			"y":34
			},
			{
			"res":"idle_22",
			"x":-148,
			"y":34
			}
			]
}},
	"res":{
		"idle_2":{"x":834,"y":0,"w":414,"h":306},
		"idle_19":{"x":806,"y":1129,"w":378,"h":267},
		"idle_12":{"x":419,"y":605,"w":413,"h":269},
		"idle_8":{"x":833,"y":581,"w":423,"h":281},
		"idle_5":{"x":0,"y":307,"w":415,"h":297},
		"idle_7":{"x":1248,"y":293,"w":420,"h":288},
		"idle_20":{"x":806,"y":1396,"w":378,"h":267},
		"idle_14":{"x":832,"y":862,"w":394,"h":267},
		"idle_22":{"x":0,"y":876,"w":384,"h":268},
		"idle_6":{"x":1248,"y":0,"w":418,"h":293},
		"idle_3":{"x":417,"y":0,"w":417,"h":304},
		"idle_21":{"x":1668,"y":267,"w":379,"h":268},
		"idle_17":{"x":1226,"y":1126,"w":379,"h":267},
		"idle_9":{"x":1256,"y":581,"w":425,"h":273},
		"idle_1":{"x":0,"y":0,"w":417,"h":307},
		"idle_15":{"x":419,"y":874,"w":387,"h":267},
		"idle_18":{"x":384,"y":1141,"w":378,"h":267},
		"idle_4":{"x":417,"y":304,"w":416,"h":301},
		"idle_10":{"x":1256,"y":854,"w":422,"h":272},
		"idle_16":{"x":1666,"y":0,"w":381,"h":267},
		"idle_13":{"x":833,"y":306,"w":402,"h":268},
		"idle_11":{"x":0,"y":605,"w":419,"h":271}
	}}