{"mc":{
	"0":{
		"frameRate":9,
		"labels":[
			{"name":"0","frame":1,"end":22}
			
			],
		"events":[
			
			],
		"frames":[
			
			{
			"res":"idle_23",
			"x":-162,
			"y":32
			},
			{
			"res":"idle_24",
			"x":-168,
			"y":31
			},
			{
			"res":"idle_25",
			"x":-173,
			"y":29
			},
			{
			"res":"idle_26",
			"x":-172,
			"y":17
			},
			{
			"res":"idle_27",
			"x":-170,
			"y":6
			},
			{
			"res":"idle_28",
			"x":-166,
			"y":-1
			},
			{
			"res":"idle_29",
			"x":-163,
			"y":4
			},
			{
			"res":"idle_30",
			"x":-158,
			"y":20
			},
			{
			"res":"idle_31",
			"x":-152,
			"y":28
			},
			{
			"res":"idle_32",
			"x":-143,
			"y":29
			},
			{
			"res":"idle_33",
			"x":-139,
			"y":30
			},
			{
			"res":"idle_34",
			"x":-139,
			"y":30
			},
			{
			"res":"idle_35",
			"x":-143,
			"y":31
			},
			{
			"res":"idle_36",
			"x":-147,
			"y":32
			},
			{
			"res":"idle_37",
			"x":-150,
			"y":33
			},
			{
			"res":"idle_38",
			"x":-155,
			"y":33
			},
			{
			"res":"idle_39",
			"x":-161,
			"y":33
			},
			{
			"res":"idle_40",
			"x":-166,
			"y":33
			},
			{
			"res":"idle_41",
			"x":-169,
			"y":33
			},
			{
			"res":"idle_42",
			"x":-168,
			"y":32
			},
			{
			"res":"idle_43",
			"x":-162,
			"y":31
			},
			{
			"res":"idle_44",
			"x":-157,
			"y":31
			}
			]
}},
	"res":{
		"idle_44":{"x":1221,"y":825,"w":401,"h":272},
		"idle_35":{"x":1212,"y":1367,"w":384,"h":271},
		"idle_25":{"x":423,"y":297,"w":426,"h":272},
		"idle_42":{"x":849,"y":298,"w":412,"h":271},
		"idle_39":{"x":0,"y":585,"w":405,"h":270},
		"idle_24":{"x":1268,"y":285,"w":415,"h":270},
		"idle_30":{"x":0,"y":303,"w":406,"h":282},
		"idle_27":{"x":423,"y":0,"w":426,"h":297},
		"idle_38":{"x":0,"y":855,"w":399,"h":269},
		"idle_32":{"x":1622,"y":1094,"w":384,"h":273},
		"idle_36":{"x":1212,"y":1097,"w":388,"h":270},
		"idle_34":{"x":399,"y":1115,"w":380,"h":272},
		"idle_23":{"x":812,"y":839,"w":400,"h":269},
		"idle_29":{"x":849,"y":0,"w":419,"h":298},
		"idle_40":{"x":812,"y":569,"w":409,"h":270},
		"idle_37":{"x":1622,"y":825,"w":393,"h":269},
		"idle_33":{"x":797,"y":1108,"w":380,"h":272},
		"idle_26":{"x":1268,"y":0,"w":427,"h":285},
		"idle_43":{"x":406,"y":569,"w":406,"h":272},
		"idle_41":{"x":1261,"y":555,"w":413,"h":270},
		"idle_28":{"x":0,"y":0,"w":423,"h":303},
		"idle_31":{"x":405,"y":841,"w":392,"h":274}
	}}