{"file":"horse_page2_result.png","frames":{
"bar_name_di2_png":{"x":570,"y":462,"w":327,"h":34,"offX":0,"offY":0,"sourceW":327,"sourceH":34},
"btn_info2_png":{"x":570,"y":612,"w":147,"h":58,"offX":0,"offY":0,"sourceW":147,"sourceH":58},
"icon_confirm_png":{"x":654,"y":672,"w":123,"h":28,"offX":0,"offY":0,"sourceW":123,"sourceH":28},
"icon_enter_png":{"x":570,"y":672,"w":18,"h":18,"offX":0,"offY":0,"sourceW":18,"sourceH":18},
"icon_failure_png":{"x":570,"y":404,"w":304,"h":56,"offX":0,"offY":0,"sourceW":304,"sourceH":56},
"icon_heart2_png":{"x":1,"y":404,"w":313,"h":282,"offX":0,"offY":4,"sourceW":313,"sourceH":287},
"icon_merge2_png":{"x":316,"y":404,"w":252,"h":287,"offX":26,"offY":0,"sourceW":313,"sourceH":287},
"icon_share_png":{"x":743,"y":498,"w":106,"h":28,"offX":0,"offY":0,"sourceW":106,"sourceH":28},
"pic_breed_png":{"x":570,"y":555,"w":167,"h":55,"offX":14,"offY":0,"sourceW":181,"sourceH":55},
"pic_congratulation_png":{"x":1,"y":693,"w":651,"h":50,"offX":0,"offY":0,"sourceW":651,"sourceH":50},
"pic_light_png":{"x":1,"y":1,"w":613,"h":401,"offX":0,"offY":0,"sourceW":613,"sourceH":401},
"pic_merge_png":{"x":570,"y":498,"w":171,"h":55,"offX":5,"offY":0,"sourceW":181,"sourceH":55},
"pic_successful_png":{"x":1,"y":745,"w":464,"h":55,"offX":0,"offY":0,"sourceW":464,"sourceH":55}}}