{"mc":{
	"0":{
		"frameRate":10,
		"labels":[
			{"name":"0","frame":1,"end":6}
			
			],
		"events":[
			
			],
		"frames":[
			
			{
			"res":"p2_down_01_png",
			"x":-43,
			"y":-68
			},
			{
			"res":"p2_down_02_png",
			"x":-43,
			"y":-67
			},
			{
			"res":"p2_down_03_png",
			"x":-45,
			"y":-65
			},
			{
			"res":"p2_down_04_png",
			"x":-49,
			"y":-68
			},
			{
			"res":"p2_down_05_png",
			"x":-45,
			"y":-68
			},
			{
			"res":"p2_down_06_png",
			"x":-44,
			"y":-65
			}
			]
}},
	"res":{
		"p2_down_02_png":{"x":96,"y":137,"w":92,"h":133},
		"p2_down_01_png":{"x":1,"y":137,"w":93,"h":134},
		"p2_down_05_png":{"x":1,"y":1,"w":94,"h":134},
		"p2_down_06_png":{"x":96,"y":272,"w":91,"h":131},
		"p2_down_04_png":{"x":1,"y":273,"w":93,"h":134},
		"p2_down_03_png":{"x":97,"y":1,"w":91,"h":131}
	}}