{"mc":{
	"0":{
		"frameRate":10,
		"labels":[
			{"name":"0","frame":1,"end":6}
			
			],
		"events":[
			
			],
		"frames":[
			
			{
			"res":"p2_up_01_png",
			"x":-49,
			"y":-66
			},
			{
			"res":"p2_up_02_png",
			"x":-46,
			"y":-67
			},
			{
			"res":"p2_up_03_png",
			"x":-45,
			"y":-66
			},
			{
			"res":"p2_up_04_png",
			"x":-41,
			"y":-67
			},
			{
			"res":"p2_up_05_png",
			"x":-42,
			"y":-67
			},
			{
			"res":"p2_up_06_png",
			"x":-45,
			"y":-66
			}
			]
}},
	"res":{
		"p2_up_06_png":{"x":95,"y":271,"w":92,"h":132},
		"p2_up_04_png":{"x":1,"y":1,"w":93,"h":133},
		"p2_up_05_png":{"x":1,"y":136,"w":93,"h":133},
		"p2_up_01_png":{"x":96,"y":1,"w":91,"h":132},
		"p2_up_03_png":{"x":96,"y":135,"w":90,"h":132},
		"p2_up_02_png":{"x":1,"y":271,"w":92,"h":133}
	}}