{"mc":{
	"0":{
		"frameRate":7,
		"labels":[
			{"name":"0","frame":1,"end":4}
			
			],
		"events":[
			
			],
		"frames":[
			
			{
			"res":"p3_static_01_01_png",
			"x":-37,
			"y":-63
			},
			{
			"res":"p3_static_01_02_png",
			"x":-41,
			"y":-63
			},
			{
			"res":"p3_static_01_03_png",
			"x":-44,
			"y":-63
			},
			{
			"res":"p3_static_01_04_png",
			"x":-37,
			"y":-63
			}
			]
}},
	"res":{
		"p3_static_01_04_png":{"x":80,"y":263,"w":77,"h":129},
		"p3_static_01_01_png":{"x":1,"y":263,"w":77,"h":129},
		"p3_static_01_03_png":{"x":1,"y":1,"w":81,"h":129},
		"p3_static_01_02_png":{"x":1,"y":132,"w":80,"h":129}
	}}