{"mc":{
	"0":{
		"frameRate":7,
		"labels":[
			{"name":"0","frame":1,"end":4}
			
			],
		"events":[
			
			],
		"frames":[
			
			{
			"res":"p3_static_03_01_png",
			"x":-38,
			"y":-63
			},
			{
			"res":"p3_static_03_02_png",
			"x":-36,
			"y":-63
			},
			{
			"res":"p3_static_03_03_png",
			"x":-34,
			"y":-63
			},
			{
			"res":"p3_static_03_04_png",
			"x":-38,
			"y":-62
			}
			]
}},
	"res":{
		"p3_static_03_04_png":{"x":81,"y":263,"w":78,"h":128},
		"p3_static_03_02_png":{"x":1,"y":1,"w":91,"h":129},
		"p3_static_03_01_png":{"x":1,"y":263,"w":78,"h":129},
		"p3_static_03_03_png":{"x":1,"y":132,"w":81,"h":129}
	}}