{"MapBase":{"1":{"id":1,"name":"地表01","Type":1,"Theme":1,"mapType":1,"res":"res_1","ThemeName":"基础主题"},"2":{"id":2,"name":"地表02","Type":1,"Theme":1,"mapType":1,"res":"res_2","ThemeName":"基础主题"},"3":{"id":3,"name":"地表03","Type":1,"Theme":1,"mapType":1,"res":"res_3","ThemeName":"基础主题"},"4":{"id":4,"name":"障碍01","Type":2,"Theme":1,"mapType":1,"res":"res_4","ThemeName":"基础主题"},"5":{"id":5,"name":"障碍02","Type":2,"Theme":1,"mapType":1,"res":"res_5","ThemeName":"基础主题"},"6":{"id":6,"name":"障碍03","Type":2,"Theme":1,"mapType":1,"res":"res_6","ThemeName":"基础主题"},"7":{"id":7,"name":"障碍04","Type":2,"Theme":1,"mapType":1,"res":"res_7","ThemeName":"基础主题"},"8":{"id":8,"name":"装饰01","Type":3,"Theme":1,"mapType":1,"res":"res_8","ThemeName":"基础主题"},"9":{"id":9,"name":"装饰02","Type":3,"Theme":1,"mapType":1,"res":"res_9","ThemeName":"基础主题"},"10":{"id":10,"name":"装饰03","Type":3,"Theme":1,"mapType":1,"res":"res_10","ThemeName":"基础主题"},"11":{"id":11,"name":"装饰04","Type":3,"Theme":1,"mapType":1,"res":"res_11","ThemeName":"基础主题"},"12":{"id":12,"name":"装饰05","Type":3,"Theme":1,"mapType":1,"res":"res_12","ThemeName":"基础主题"},"13":{"id":13,"name":"装饰06","Type":3,"Theme":1,"mapType":1,"res":"res_13","ThemeName":"基础主题"},"14":{"id":14,"name":"装饰07","Type":3,"Theme":1,"mapType":1,"res":"res_14","ThemeName":"基础主题"},"15":{"id":15,"name":"装饰08","Type":3,"Theme":1,"mapType":1,"res":"res_15","ThemeName":"基础主题"},"16":{"id":16,"name":"装饰09","Type":3,"Theme":1,"mapType":1,"res":"res_16","ThemeName":"基础主题"},"17":{"id":17,"name":"装饰10","Type":3,"Theme":1,"mapType":1,"res":"res_17","ThemeName":"基础主题"},"18":{"id":18,"name":"装饰11","Type":3,"Theme":1,"mapType":1,"res":"res_18","ThemeName":"基础主题"},"19":{"id":19,"name":"装饰12","Type":3,"Theme":1,"mapType":1,"res":"res_19","ThemeName":"基础主题"},"20":{"id":20,"name":"装饰13","Type":3,"Theme":1,"mapType":1,"res":"res_20","ThemeName":"基础主题"},"21":{"id":21,"name":"装饰14","Type":3,"Theme":1,"mapType":1,"res":"res_21","ThemeName":"基础主题"},"22":{"id":22,"name":"装饰15","Type":3,"Theme":1,"mapType":1,"res":"res_22","ThemeName":"基础主题"},"23":{"id":23,"name":"装饰16","Type":3,"Theme":1,"mapType":1,"res":"res_23","ThemeName":"基础主题"},"24":{"id":24,"name":"地表04","Type":1,"Theme":2,"mapType":2,"res":"res_24","ThemeName":"吃货主题"},"25":{"id":25,"name":"地表05","Type":1,"Theme":2,"mapType":2,"res":"res_25","ThemeName":"吃货主题"},"26":{"id":26,"name":"地表06","Type":1,"Theme":2,"mapType":2,"res":"res_26","ThemeName":"吃货主题"},"27":{"id":27,"name":"障碍05","Type":2,"Theme":2,"mapType":2,"res":"res_27","ThemeName":"吃货主题"},"28":{"id":28,"name":"障碍06","Type":2,"Theme":2,"mapType":2,"res":"res_28","ThemeName":"吃货主题"},"29":{"id":29,"name":"障碍07","Type":2,"Theme":2,"mapType":2,"res":"res_29","ThemeName":"吃货主题"},"30":{"id":30,"name":"障碍08","Type":2,"Theme":2,"mapType":2,"res":"res_30","ThemeName":"吃货主题"},"31":{"id":31,"name":"障碍04","Type":2,"Theme":2,"mapType":2,"res":"res_31","ThemeName":"吃货主题"},"32":{"id":32,"name":"障碍05","Type":2,"Theme":2,"mapType":2,"res":"res_32","ThemeName":"吃货主题"},"33":{"id":33,"name":"装饰01","Type":3,"Theme":2,"mapType":2,"res":"res_33","ThemeName":"吃货主题"},"34":{"id":34,"name":"装饰02","Type":3,"Theme":2,"mapType":2,"res":"res_34","ThemeName":"吃货主题"},"35":{"id":35,"name":"装饰03","Type":3,"Theme":2,"mapType":2,"res":"res_35","ThemeName":"吃货主题"},"36":{"id":36,"name":"装饰04","Type":3,"Theme":2,"mapType":2,"res":"res_36","ThemeName":"吃货主题"},"37":{"id":37,"name":"装饰05","Type":3,"Theme":2,"mapType":2,"res":"res_37","ThemeName":"吃货主题"},"38":{"id":38,"name":"装饰06","Type":3,"Theme":2,"mapType":2,"res":"res_38","ThemeName":"吃货主题"},"39":{"id":39,"name":"装饰07","Type":3,"Theme":2,"mapType":2,"res":"res_39","ThemeName":"吃货主题"},"40":{"id":40,"name":"装饰08","Type":3,"Theme":2,"mapType":2,"res":"res_40","ThemeName":"吃货主题"},"41":{"id":41,"name":"装饰09","Type":3,"Theme":2,"mapType":2,"res":"res_41","ThemeName":"吃货主题"},"42":{"id":42,"name":"装饰10","Type":3,"Theme":2,"mapType":2,"res":"res_42","ThemeName":"吃货主题"},"43":{"id":43,"name":"装饰11","Type":3,"Theme":2,"mapType":2,"res":"res_43","ThemeName":"吃货主题"},"44":{"id":44,"name":"装饰12","Type":3,"Theme":2,"mapType":2,"res":"res_44","ThemeName":"吃货主题"},"45":{"id":45,"name":"装饰13","Type":3,"Theme":2,"mapType":2,"res":"res_45","ThemeName":"吃货主题"},"46":{"id":46,"name":"装饰14","Type":3,"Theme":2,"mapType":2,"res":"res_46","ThemeName":"吃货主题"},"47":{"id":47,"name":"装饰15","Type":3,"Theme":2,"mapType":2,"res":"res_47","ThemeName":"吃货主题"},"48":{"id":48,"name":"装饰16","Type":3,"Theme":2,"mapType":2,"res":"res_48","ThemeName":"吃货主题"},"49":{"id":49,"name":"地表01","Type":1,"Theme":3,"mapType":3,"res":"res_49","ThemeName":"暗黑主题"},"50":{"id":50,"name":"地表02","Type":1,"Theme":3,"mapType":3,"res":"res_50","ThemeName":"暗黑主题"},"51":{"id":51,"name":"地表03","Type":1,"Theme":3,"mapType":3,"res":"res_51","ThemeName":"暗黑主题"},"52":{"id":52,"name":"地表04","Type":1,"Theme":3,"mapType":3,"res":"res_52","ThemeName":"暗黑主题"},"53":{"id":53,"name":"障碍01","Type":2,"Theme":3,"mapType":3,"res":"res_53","ThemeName":"暗黑主题"},"54":{"id":54,"name":"障碍02","Type":2,"Theme":3,"mapType":3,"res":"res_54","ThemeName":"暗黑主题"},"55":{"id":55,"name":"障碍03","Type":2,"Theme":3,"mapType":3,"res":"res_55","ThemeName":"暗黑主题"},"56":{"id":56,"name":"障碍04","Type":2,"Theme":3,"mapType":3,"res":"res_56","ThemeName":"暗黑主题"},"57":{"id":57,"name":"障碍05","Type":2,"Theme":3,"mapType":3,"res":"res_57","ThemeName":"暗黑主题"},"58":{"id":58,"name":"装饰01","Type":3,"Theme":3,"mapType":3,"res":"res_58","ThemeName":"暗黑主题"},"59":{"id":59,"name":"装饰02","Type":3,"Theme":3,"mapType":3,"res":"res_59","ThemeName":"暗黑主题"},"60":{"id":60,"name":"装饰03","Type":3,"Theme":3,"mapType":3,"res":"res_60","ThemeName":"暗黑主题"},"61":{"id":61,"name":"装饰04","Type":3,"Theme":3,"mapType":3,"res":"res_61","ThemeName":"暗黑主题"},"62":{"id":62,"name":"装饰05","Type":3,"Theme":3,"mapType":3,"res":"res_62","ThemeName":"暗黑主题"},"63":{"id":63,"name":"装饰06","Type":3,"Theme":3,"mapType":3,"res":"res_63","ThemeName":"暗黑主题"},"64":{"id":64,"name":"装饰07","Type":3,"Theme":3,"mapType":3,"res":"res_64","ThemeName":"暗黑主题"},"65":{"id":65,"name":"装饰08","Type":3,"Theme":3,"mapType":3,"res":"res_65","ThemeName":"暗黑主题"},"66":{"id":66,"name":"装饰09","Type":3,"Theme":3,"mapType":3,"res":"res_66","ThemeName":"暗黑主题"},"67":{"id":67,"name":"装饰10","Type":3,"Theme":3,"mapType":3,"res":"res_67","ThemeName":"暗黑主题"},"68":{"id":68,"name":"装饰11","Type":3,"Theme":3,"mapType":3,"res":"res_68","ThemeName":"暗黑主题"},"69":{"id":69,"name":"装饰12","Type":3,"Theme":3,"mapType":3,"res":"res_69","ThemeName":"暗黑主题"},"70":{"id":70,"name":"地表01","Type":1,"Theme":4,"mapType":4,"res":"res_70","ThemeName":"春节主题"},"71":{"id":71,"name":"地表02","Type":1,"Theme":4,"mapType":4,"res":"res_71","ThemeName":"春节主题"},"72":{"id":72,"name":"障碍01","Type":2,"Theme":4,"mapType":4,"res":"res_72","ThemeName":"春节主题"},"73":{"id":73,"name":"障碍02","Type":2,"Theme":4,"mapType":4,"res":"res_73","ThemeName":"春节主题"},"74":{"id":74,"name":"障碍03","Type":2,"Theme":4,"mapType":4,"res":"res_74","ThemeName":"春节主题"},"75":{"id":75,"name":"障碍04","Type":2,"Theme":4,"mapType":4,"res":"res_75","ThemeName":"春节主题"},"76":{"id":76,"name":"障碍05","Type":2,"Theme":4,"mapType":4,"res":"res_76","ThemeName":"春节主题"},"77":{"id":77,"name":"装饰01","Type":3,"Theme":4,"mapType":4,"res":"res_77","ThemeName":"春节主题"},"78":{"id":78,"name":"装饰02","Type":3,"Theme":4,"mapType":4,"res":"res_78","ThemeName":"春节主题"},"79":{"id":79,"name":"装饰03","Type":3,"Theme":4,"mapType":4,"res":"res_79","ThemeName":"春节主题"},"80":{"id":80,"name":"装饰04","Type":3,"Theme":4,"mapType":4,"res":"res_80","ThemeName":"春节主题"},"81":{"id":81,"name":"装饰05","Type":3,"Theme":4,"mapType":4,"res":"res_81","ThemeName":"春节主题"},"82":{"id":82,"name":"装饰06","Type":3,"Theme":4,"mapType":4,"res":"res_82","ThemeName":"春节主题"},"83":{"id":83,"name":"装饰07","Type":3,"Theme":4,"mapType":4,"res":"res_83","ThemeName":"春节主题"},"84":{"id":84,"name":"装饰08","Type":3,"Theme":4,"mapType":4,"res":"res_84","ThemeName":"春节主题"},"85":{"id":85,"name":"装饰09","Type":3,"Theme":4,"mapType":4,"res":"res_85","ThemeName":"春节主题"},"86":{"id":86,"name":"装饰10","Type":3,"Theme":4,"mapType":4,"res":"res_86","ThemeName":"春节主题"},"87":{"id":87,"name":"装饰11","Type":3,"Theme":4,"mapType":4,"res":"res_87","ThemeName":"春节主题"}},"ItemData":{"1":{"id":1,"name":"初级加命丸","Type":3,"res":"hp_01","maxAmount":10,"desc":"闯关模式：战斗生命值+1，持续1场","spType":1,"param1":1,"param2":1,"param3":"3","cycle":0},"2":{"id":2,"name":"初级加速丸","Type":3,"res":"sp_01","maxAmount":20,"desc":"闯关模式：战斗的行走速度+1，持续1场","spType":2,"param1":1,"param2":1,"param3":"3","cycle":0},"3":{"id":3,"name":"初级泡泡丸","Type":3,"res":"bu_01","maxAmount":30,"desc":"闯关模式：战斗的炸弹初始数量+1，持续1场","spType":3,"param1":1,"param2":1,"param3":"3","cycle":0},"4":{"id":4,"name":"初级威力丸","Type":3,"res":"po_01","maxAmount":40,"desc":"闯关模式：战斗的炸弹初始威力+1，持续1场","spType":4,"param1":1,"param2":1,"param3":"3","cycle":0},"5":{"id":5,"name":"中级加命丸","Type":3,"res":"hp_02","maxAmount":50,"desc":"闯关模式：战斗生命值+1，持续2场","spType":1,"param1":1,"param2":2,"param3":"3","cycle":0},"6":{"id":6,"name":"中级加速丸","Type":3,"res":"sp_02","maxAmount":60,"desc":"闯关模式：战斗的行走速度+1，持续2场","spType":2,"param1":1,"param2":2,"param3":"3","cycle":0},"7":{"id":7,"name":"中级泡泡丸","Type":3,"res":"bu_02","maxAmount":70,"desc":"闯关模式：战斗的炸弹初始数量+1，持续2场","spType":3,"param1":1,"param2":2,"param3":"3","cycle":0},"8":{"id":8,"name":"中级威力丸","Type":3,"res":"po_02","maxAmount":80,"desc":"闯关模式：战斗的炸弹初始威力+1，持续2场","spType":4,"param1":1,"param2":2,"param3":"3","cycle":0},"9":{"id":9,"name":"高级加命丸","Type":3,"res":"hp_03","maxAmount":90,"desc":"PVP对战：战斗生命值+1，持续1场","spType":1,"param1":1,"param2":1,"param3":"1","cycle":0},"10":{"id":10,"name":"高级加速丸","Type":3,"res":"sp_03","maxAmount":100,"desc":"PVP对战：战斗的行走速度+1，持续1场","spType":2,"param1":1,"param2":1,"param3":"1","cycle":0},"11":{"id":11,"name":"高级泡泡丸","Type":3,"res":"bu_03","maxAmount":110,"desc":"PVP对战：战斗的炸弹初始数量+1，持续1场","spType":3,"param1":1,"param2":1,"param3":"1","cycle":0},"12":{"id":12,"name":"高级威力丸","Type":3,"res":"po_03","maxAmount":120,"desc":"PVP对战：战斗的炸弹初始威力+1，持续1场","spType":4,"param1":1,"param2":1,"param3":"1","cycle":0},"13":{"id":13,"name":"初级金币包","Type":1,"res":"gold_01","maxAmount":130,"desc":"使用后增加120金币","spType":5,"param1":120,"cycle":0},"14":{"id":14,"name":"中级金币包","Type":1,"res":"gold_02","maxAmount":140,"desc":"使用后增加500金币","spType":5,"param1":500,"cycle":0},"15":{"id":15,"name":"高级金币包","Type":1,"res":"gold_03","maxAmount":150,"desc":"使用后增加1000金币","spType":5,"param1":1000,"cycle":0},"16":{"id":16,"name":"地图设计图","Type":1,"res":"map_design","maxAmount":5,"desc":"获得一张地图设计图，用于DIY地图设计或修改","spType":7,"param1":1,"cycle":0},"17":{"id":17,"name":"初级经验包","Type":1,"res":"exp_01","maxAmount":100,"desc":"使用后增加100经验值","spType":8,"param1":300,"cycle":0},"18":{"id":18,"name":"中级经验包","Type":1,"res":"exp_02","maxAmount":100,"desc":"使用后增加500经验值","spType":8,"param1":1000,"cycle":0},"19":{"id":19,"name":"高级经验包","Type":1,"res":"exp_03","maxAmount":100,"desc":"使用后增加1000经验值","spType":8,"param1":3000,"cycle":0},"20":{"id":20,"name":"排行榜点赞","Type":1,"res":"rank_like","maxAmount":200,"desc":"获得排行榜点赞次数5次","spType":9,"param1":5,"cycle":0},"21":{"id":21,"name":"豪华宝箱","Type":1,"res":"gift_01","maxAmount":10,"desc":"有机会获得3个中级或高级道具","spType":11,"param1":3,"param3":"{5:10,6:40,7:40,8:40,9:10,10:20,11:20,12:20,14:15,15:5}","cycle":0},"22":{"id":22,"name":"基础钻石宝箱","Type":1,"res":"diamond_01","maxAmount":100,"desc":"使用后增加100钻石","spType":6,"param1":100,"cycle":0},"23":{"id":23,"name":"豪华钻石宝箱","Type":1,"res":"diamond_02","maxAmount":100,"desc":"使用后增加300钻石","spType":6,"param1":300,"cycle":0},"24":{"id":24,"name":"特级钻石宝箱","Type":1,"res":"diamond_03","maxAmount":100,"desc":"使用后增加800钻石","spType":6,"param1":800,"cycle":0},"25":{"id":25,"name":"人物2激活卡","Type":1,"res":"active_02","maxAmount":1,"desc":"人物2","spType":12,"param1":2,"cycle":0},"26":{"id":26,"name":"人物3激活卡","Type":1,"res":"active_03","maxAmount":1,"desc":"人物3","spType":12,"param1":3,"cycle":0},"27":{"id":27,"name":"DIY地图功能解锁","Type":1,"res":"diy_key_01","maxAmount":1,"desc":"diy地图功能解锁","spType":13,"param1":1,"cycle":0},"28":{"id":28,"name":"DIY地图2激活卡","Type":1,"res":"diy_key_02","maxAmount":1,"desc":"diy地图2主题解锁","spType":13,"param1":2,"cycle":0},"29":{"id":29,"name":"DIY地图3激活卡","Type":1,"res":"diy_key_03","maxAmount":1,"desc":"diy地图3主题解锁","spType":13,"param1":3,"cycle":0},"30":{"id":30,"name":"初级宝箱","Type":1,"res":"box_01","maxAmount":10,"desc":"有机会获得1个初级道具","spType":11,"param1":1,"param3":"{1:10,2:40,3:40,4:40,13:20}","cycle":0},"31":{"id":31,"name":"中级宝箱","Type":1,"res":"box_02","maxAmount":10,"desc":"有机会获得2个初级或中级道具","spType":11,"param1":2,"param3":"{1:10,2:40,3:40,4:40,13:20,5:10,6: 20,7:20,8:20,14:5}","cycle":0},"32":{"id":32,"name":"高级宝箱","Type":1,"res":"box_03","maxAmount":10,"desc":"有机会获得2个中级或高级道具","spType":11,"param1":2,"param3":"{5:10,6:40,7:40,8:40,9:10,10:20,11:20,12:20,14:15,15:5}","cycle":0},"33":{"id":33,"name":"减速技能卡","Type":1,"res":"skill_dog_card","maxAmount":10,"desc":"解锁减速技能或升一级","spType":12,"param1":1},"34":{"id":34,"name":"减泡泡技能卡","Type":1,"res":"skill_chicken_card","maxAmount":10,"desc":"解锁减泡泡技能或升一级","spType":12,"param1":2},"35":{"id":35,"name":"泡泡皮肤","Type":2,"res":"shape_normal","maxAmount":1,"desc":"解锁泡泡外观，在背包使用","spType":10,"param1":1},"36":{"id":36,"name":"冰块皮肤","Type":2,"res":"shape_ice","maxAmount":1,"desc":"解锁冰块外观，在背包使用","spType":10,"param1":2},"37":{"id":37,"name":"火星皮肤","Type":2,"res":"shape_mars","maxAmount":1,"desc":"解锁火星外观，在背包使用","spType":10,"param1":3},"38":{"id":38,"name":"甜甜圈皮肤","Type":2,"res":"shape_doughnut","maxAmount":1,"desc":"解锁甜甜圈外观，在背包使用","spType":10,"param1":4},"39":{"id":39,"name":"西瓜皮肤","Type":2,"res":"shape_watermelon","maxAmount":1,"desc":"解锁西瓜外观，在背包使用","spType":10,"param1":5},"40":{"id":40,"name":"排球皮肤","Type":2,"res":"shape_volleyball","maxAmount":1,"desc":"解锁排球外观，在背包使用","spType":10,"param1":6},"41":{"id":41,"name":"运气皮肤宝箱","Type":1,"res":"gift_01","maxAmount":1,"desc":"有机会获得2个道具，有几率获得泡泡皮肤","spType":11,"param1":2,"param3":"{5:10,6:40,7:40,8:40,9:10,10:20,11:20,13:20,36:5,37:5,39:2}"}},"shopData":{"1":{"id":1,"itemId":1,"buyitemNum":1,"name":"初级加命丸x1","Type":3,"buyType":1,"buycount":1,"payType":1,"coin":300,"diamond":0,"ad":0,"res":"hp_01","desc":"闯关模式：战斗生命值+1，持续1场"},"2":{"id":2,"itemId":2,"buyitemNum":1,"name":"初级加速丸x1","Type":3,"buyType":1,"buycount":1,"payType":1,"coin":200,"diamond":0,"ad":0,"res":"sp_01","desc":"闯关模式：战斗的行走速度+1，持续1场"},"3":{"id":3,"itemId":3,"buyitemNum":1,"name":"初级泡泡丸x1","Type":3,"buyType":1,"buycount":1,"payType":1,"coin":150,"diamond":0,"ad":0,"res":"bu_01","desc":"闯关模式：战斗的炸弹初始数量+1，持续1场"},"4":{"id":4,"itemId":4,"buyitemNum":1,"name":"初级威力丸x1","Type":3,"buyType":1,"buycount":1,"payType":1,"coin":150,"diamond":0,"ad":0,"res":"po_01","desc":"闯关模式：战斗的炸弹初始威力+1，持续1场"},"5":{"id":5,"itemId":5,"buyitemNum":1,"name":"中级加命丸x1","Type":3,"buyType":1,"buycount":1,"payType":1,"coin":500,"diamond":0,"ad":0,"res":"hp_02","desc":"闯关模式：战斗生命值+1，持续2场"},"6":{"id":6,"itemId":6,"buyitemNum":1,"name":"中级加速丸x1","Type":3,"buyType":1,"buycount":1,"payType":1,"coin":300,"diamond":0,"ad":2,"res":"sp_02","desc":"闯关模式：战斗的行走速度+1，持续2场"},"7":{"id":7,"itemId":7,"buyitemNum":1,"name":"中级泡泡丸x1","Type":3,"buyType":1,"buycount":1,"payType":1,"coin":200,"diamond":0,"ad":1,"res":"bu_02","desc":"闯关模式：战斗的炸弹初始数量+1，持续2场"},"8":{"id":8,"itemId":8,"buyitemNum":1,"name":"中级威力丸x1","Type":3,"buyType":1,"buycount":1,"payType":1,"coin":200,"diamond":0,"ad":0,"res":"po_02","desc":"闯关模式：战斗的炸弹初始威力+1，持续2场"},"9":{"id":9,"itemId":9,"buyitemNum":1,"name":"高级加命丸x1","Type":3,"buyType":1,"buycount":1,"payType":1,"coin":600,"diamond":0,"ad":0,"res":"hp_03","desc":"闯关模式：战斗生命值+1，持续3场"},"10":{"id":10,"itemId":10,"buyitemNum":1,"name":"高级加速丸x1","Type":3,"buyType":1,"buycount":1,"payType":1,"coin":400,"diamond":0,"ad":0,"res":"sp_03","desc":"闯关模式：战斗的行走速度+1，持续3场"},"11":{"id":11,"itemId":11,"buyitemNum":1,"name":"高级泡泡丸x1","Type":3,"buyType":1,"buycount":1,"payType":1,"coin":300,"diamond":0,"ad":0,"res":"bu_03","desc":"闯关模式：战斗的炸弹初始数量+1，持续3场"},"12":{"id":12,"itemId":12,"buyitemNum":1,"name":"高级威力丸x1","Type":3,"buyType":1,"buycount":1,"payType":1,"coin":300,"diamond":0,"ad":0,"res":"po_03","desc":"闯关模式：战斗的炸弹初始威力+1，持续3场"},"13":{"id":13,"itemId":5,"buyitemNum":3,"name":"中级加命丸x3","Type":3,"buyType":1,"buycount":1,"payType":3,"coin":0,"diamond":0,"ad":1,"res":"hp_02","desc":"闯关模式：战斗生命值+1，持续2场"},"14":{"id":14,"itemId":6,"buyitemNum":3,"name":"中级加速丸x3","Type":3,"buyType":1,"buycount":1,"payType":3,"coin":0,"diamond":0,"ad":1,"res":"sp_02","desc":"闯关模式：战斗的行走速度+1，持续2场"},"15":{"id":15,"itemId":7,"buyitemNum":3,"name":"中级泡泡丸x3","Type":3,"buyType":1,"buycount":1,"payType":3,"coin":0,"diamond":0,"ad":1,"res":"bu_02","desc":"闯关模式：战斗的炸弹初始数量+1，持续2场"},"16":{"id":16,"itemId":8,"buyitemNum":3,"name":"中级威力丸x3","Type":3,"buyType":1,"buycount":1,"payType":3,"coin":0,"diamond":0,"ad":1,"res":"po_02","desc":"闯关模式：战斗的炸弹初始威力+1，持续2场"},"17":{"id":17,"itemId":9,"buyitemNum":3,"name":"高级加命丸x3","Type":3,"buyType":1,"buycount":1,"payType":3,"coin":0,"diamond":0,"ad":1,"res":"hp_03","desc":"闯关模式：战斗生命值+1，持续3场"},"18":{"id":18,"itemId":10,"buyitemNum":3,"name":"高级加速丸x3","Type":3,"buyType":1,"buycount":1,"payType":3,"coin":0,"diamond":0,"ad":1,"res":"sp_03","desc":"闯关模式：战斗的行走速度+1，持续3场"},"19":{"id":19,"itemId":11,"buyitemNum":3,"name":"高级泡泡丸x3","Type":3,"buyType":1,"buycount":1,"payType":3,"coin":0,"diamond":0,"ad":1,"res":"bu_03","desc":"闯关模式：战斗的炸弹初始数量+1，持续3场"},"20":{"id":20,"itemId":12,"buyitemNum":3,"name":"高级威力丸x3","Type":3,"buyType":1,"buycount":1,"payType":3,"coin":0,"diamond":0,"ad":1,"res":"po_03","desc":"闯关模式：战斗的炸弹初始威力+1，持续3场"},"21":{"id":21,"itemId":13,"buyitemNum":1,"name":"初级金币包x1","Type":1,"buyType":1,"buycount":1,"payType":2,"coin":0,"diamond":12,"ad":0,"res":"gold_01","desc":"使用后增加100金币"},"22":{"id":22,"itemId":14,"buyitemNum":1,"name":"中级金币包x1","Type":1,"buyType":1,"buycount":1,"payType":2,"coin":0,"diamond":50,"ad":0,"res":"gold_02","desc":"使用后增加500金币"},"23":{"id":23,"itemId":15,"buyitemNum":1,"name":"高级金币包x1","Type":1,"buyType":1,"buycount":1,"payType":3,"coin":0,"diamond":0,"ad":1,"res":"gold_03","desc":"使用后增加1000金币"},"24":{"id":24,"itemId":16,"buyitemNum":1,"name":"地图设计图x1","Type":1,"buyType":1,"buycount":1,"payType":3,"coin":0,"diamond":0,"ad":1,"res":"map_design","desc":"获得一张地图设计图，用于DIY地图设计或修改"},"25":{"id":25,"itemId":17,"buyitemNum":1,"name":"初级经验包x1","Type":1,"buyType":1,"buycount":1,"payType":1,"coin":1000,"diamond":0,"ad":0,"res":"exp_01","desc":"使用后增加100经验值"},"26":{"id":26,"itemId":18,"buyitemNum":1,"name":"中级经验包x1","Type":1,"buyType":1,"buycount":1,"payType":1,"coin":2000,"diamond":0,"ad":0,"res":"exp_02","desc":"使用后增加100经验值"},"27":{"id":27,"itemId":19,"buyitemNum":1,"name":"高级经验包x1","Type":1,"buyType":1,"buycount":1,"payType":3,"coin":0,"diamond":0,"ad":1,"res":"exp_03","desc":"使用后增加100经验值"},"28":{"id":28,"itemId":20,"buyitemNum":1,"name":"排行榜点赞x1","Type":1,"buyType":1,"buycount":1,"payType":1,"coin":50,"diamond":0,"ad":0,"res":"rank_like","desc":"获得地图排行榜点赞次数"},"29":{"id":29,"itemId":21,"buyitemNum":1,"name":"豪华宝箱x1","Type":1,"buyType":1,"buycount":1,"payType":3,"coin":0,"diamond":0,"ad":1,"res":"gift_01","desc":"有机会获得3个中级或高级道具"},"30":{"id":30,"itemId":30,"buyitemNum":1,"name":"初级宝箱","Type":1,"buyType":1,"buycount":1,"payType":1,"coin":1000,"diamond":0,"ad":0,"res":"box_01","desc":"有机会获得1个初级道具"},"31":{"id":31,"itemId":41,"buyitemNum":1,"name":"运气皮肤宝箱","Type":1,"buyType":1,"buycount":1,"payType":3,"coin":0,"diamond":0,"ad":1,"res":"gift_01","desc":"有几率获得泡泡皮肤或两个中级以上道具"},"32":{"id":32,"itemId":32,"buyitemNum":1,"name":"高级宝箱","Type":1,"buyType":1,"buycount":1,"payType":2,"coin":0,"diamond":200,"ad":0,"res":"box_03","desc":"有机会获得2个中级或高级道具"},"33":{"id":33,"itemId":22,"buyitemNum":1,"name":"基础钻石宝箱x1","Type":1,"buyType":1,"buycount":1,"payType":1,"coin":3000,"diamond":0,"ad":1,"res":"diamond_01","desc":"使用后增加100钻石"},"34":{"id":34,"itemId":23,"buyitemNum":1,"name":"豪华钻石宝箱x1","Type":1,"buyType":1,"buycount":1,"payType":3,"coin":0,"diamond":0,"ad":2,"res":"diamond_02","desc":"使用后增加300钻石"},"36":{"id":36,"itemId":36,"buyitemNum":1,"name":"冰块皮肤","Type":2,"buyType":2,"buycount":1,"payType":2,"coin":0,"diamond":100,"ad":0,"res":"shape_ice","desc":"解锁冰块外观，在背包使用"},"37":{"id":37,"itemId":37,"buyitemNum":1,"name":"火星皮肤","Type":2,"buyType":2,"buycount":1,"payType":1,"coin":3000,"diamond":0,"ad":0,"res":"shape_mars","desc":"解锁火星外观，在背包使用"},"38":{"id":38,"itemId":38,"buyitemNum":1,"name":"甜甜圈皮肤","Type":2,"buyType":2,"buycount":1,"payType":3,"coin":0,"diamond":0,"ad":1,"res":"shape_doughnut","desc":"解锁甜甜圈外观，在背包使用"},"39":{"id":39,"itemId":39,"buyitemNum":1,"name":"西瓜皮肤","Type":2,"buyType":2,"buycount":1,"payType":2,"coin":0,"diamond":300,"ad":0,"res":"shape_watermelon","desc":"解锁西瓜外观，在背包使用"},"40":{"id":40,"itemId":40,"buyitemNum":1,"name":"排球皮肤","Type":2,"buyType":2,"buycount":1,"payType":3,"coin":0,"diamond":0,"ad":1,"res":"shape_volleyball","desc":"解锁排球外观，在背包使用"}}}