{"file":"horse_page3_training.png","frames":{
"bar_exp_3_di_png":{"x":783,"y":550,"w":177,"h":24,"offX":0,"offY":0,"sourceW":177,"sourceH":24},
"bar_exp_3_mask_png":{"x":783,"y":624,"w":175,"h":21,"offX":1,"offY":1,"sourceW":177,"sourceH":24},
"bar_exp_3_red_png":{"x":783,"y":601,"w":175,"h":21,"offX":1,"offY":1,"sourceW":177,"sourceH":24},
"bar_exp_3_png":{"x":147,"y":556,"w":175,"h":21,"offX":1,"offY":1,"sourceW":177,"sourceH":24},
"bar_exp_4_di_png":{"x":324,"y":556,"w":174,"h":19,"offX":0,"offY":0,"sourceW":174,"sourceH":19},
"bar_exp_4_png":{"x":324,"y":577,"w":172,"h":16,"offX":1,"offY":1,"sourceW":174,"sourceH":19},
"bar_info_+_png":{"x":147,"y":579,"w":76,"h":34,"offX":0,"offY":0,"sourceW":76,"sourceH":34},
"bar_info_di_13_png":{"x":506,"y":665,"w":422,"h":57,"offX":0,"offY":0,"sourceW":422,"sourceH":57},
"bar_info_di_14_png":{"x":1,"y":633,"w":503,"h":115,"offX":0,"offY":0,"sourceW":503,"sourceH":115},
"bar_info_di_15_png":{"x":225,"y":579,"w":93,"h":27,"offX":0,"offY":0,"sourceW":93,"sourceH":27},
"bar_info_di_16_png":{"x":783,"y":576,"w":181,"h":23,"offX":0,"offY":0,"sourceW":181,"sourceH":23},
"btn_-_2_d_png":{"x":717,"y":519,"w":23,"h":15,"offX":0,"offY":5,"sourceW":23,"sourceH":24},
"btn_-_2_png":{"x":742,"y":519,"w":23,"h":15,"offX":0,"offY":5,"sourceW":23,"sourceH":24},
"btn_+_2_d_png":{"x":794,"y":1,"w":23,"h":24,"offX":0,"offY":0,"sourceW":23,"sourceH":24},
"btn_+_2_png":{"x":794,"y":27,"w":23,"h":24,"offX":0,"offY":0,"sourceW":23,"sourceH":24},
"btn_info3_png":{"x":717,"y":413,"w":202,"h":78,"offX":0,"offY":0,"sourceW":202,"sourceH":78},
"btn_point3_png":{"x":733,"y":1,"w":59,"h":25,"offX":3,"offY":3,"sourceW":65,"sourceH":30},
"btn_TNGC_S_png":{"x":440,"y":144,"w":291,"h":141,"offX":1,"offY":0,"sourceW":295,"sourceH":142},
"btn_TNGC_png":{"x":147,"y":430,"w":275,"h":124,"offX":11,"offY":13,"sourceW":295,"sourceH":142},
"btn_TNGFR_S_png":{"x":147,"y":144,"w":291,"h":141,"offX":1,"offY":0,"sourceW":295,"sourceH":142},
"btn_TNGFR_png":{"x":440,"y":287,"w":275,"h":124,"offX":11,"offY":13,"sourceW":295,"sourceH":142},
"btn_TNGOBS_S_png":{"x":440,"y":1,"w":291,"h":141,"offX":0,"offY":0,"sourceW":291,"sourceH":141},
"btn_TNGOBS_png":{"x":506,"y":539,"w":275,"h":124,"offX":10,"offY":13,"sourceW":291,"sourceH":141},
"btn_TNGP_S_png":{"x":147,"y":1,"w":291,"h":141,"offX":1,"offY":0,"sourceW":295,"sourceH":142},
"btn_TNGP_png":{"x":717,"y":287,"w":275,"h":124,"offX":11,"offY":13,"sourceW":295,"sourceH":142},
"btn_TNGtrot_S_png":{"x":147,"y":287,"w":291,"h":141,"offX":1,"offY":0,"sourceW":295,"sourceH":142},
"btn_TNGtrot_png":{"x":440,"y":413,"w":275,"h":124,"offX":11,"offY":13,"sourceW":295,"sourceH":142},
"Effect_png":{"x":320,"y":595,"w":90,"h":24,"offX":138,"offY":20,"sourceW":362,"sourceH":63},
"leftbar_2_di_png":{"x":1,"y":1,"w":144,"h":630,"offX":0,"offY":0,"sourceW":144,"sourceH":630},
"num_9_2_png":{"x":294,"y":608,"w":21,"h":22,"offX":0,"offY":3,"sourceW":21,"sourceH":28},
"num_9_3_png":{"x":147,"y":615,"w":19,"h":7,"offX":0,"offY":10,"sourceW":19,"sourceH":28},
"num_10_2_png":{"x":767,"y":531,"w":11,"h":5,"offX":0,"offY":5,"sourceW":11,"sourceH":15},
"num_10_3_png":{"x":767,"y":519,"w":11,"h":10,"offX":0,"offY":2,"sourceW":11,"sourceH":15},
"pic_complete_png":{"x":506,"y":724,"w":384,"h":55,"offX":40,"offY":0,"sourceW":464,"sourceH":55},
"pic_training_png":{"x":783,"y":493,"w":229,"h":55,"offX":0,"offY":0,"sourceW":229,"sourceH":55},
"select3_s_png":{"x":921,"y":413,"w":92,"h":74,"offX":0,"offY":0,"sourceW":92,"sourceH":74},
"Site_png":{"x":717,"y":493,"w":62,"h":24,"offX":150,"offY":18,"sourceW":362,"sourceH":63},
"Total_png":{"x":412,"y":595,"w":82,"h":25,"offX":0,"offY":0,"sourceW":82,"sourceH":25},
"Train_png":{"x":225,"y":608,"w":67,"h":21,"offX":67,"offY":0,"sourceW":202,"sourceH":21},
"single_green_png":{"x":962,"y":550,"w":44,"h":16,"offX":3,"offY":1,"sourceW":50,"sourceH":19}}}