{"file":"horse_page2_home.png","frames":{
"mask2_png":{"x":353,"y":948,"w":82,"h":19,"offX":0,"offY":0,"sourceW":82,"sourceH":19},
"bar_info_di2_png":{"x":548,"y":639,"w":348,"h":123,"offX":0,"offY":0,"sourceW":348,"sourceH":123},
"icon_level_b_png":{"x":815,"y":908,"w":67,"h":77,"offX":1,"offY":2,"sourceW":76,"sourceH":80},
"icon_level_s_png":{"x":668,"y":829,"w":76,"h":80,"offX":0,"offY":0,"sourceW":76,"sourceH":80},
"icon_level_a_png":{"x":746,"y":829,"w":74,"h":77,"offX":0,"offY":2,"sourceW":76,"sourceH":80},
"icon_level_c_png":{"x":884,"y":921,"w":65,"h":79,"offX":8,"offY":1,"sourceW":76,"sourceH":80},
"icon_level_d_png":{"x":738,"y":911,"w":75,"h":77,"offX":1,"offY":2,"sourceW":76,"sourceH":80},
"Attribute_png":{"x":1,"y":948,"w":123,"h":24,"offX":177,"offY":8,"sourceW":494,"sourceH":41},
"bar_info_di_7_png":{"x":1,"y":585,"w":545,"h":361,"offX":0,"offY":0,"sourceW":545,"sourceH":361},
"bar_info_di_5_png":{"x":548,"y":416,"w":360,"h":221,"offX":0,"offY":0,"sourceW":360,"sourceH":221},
"btn_back_png":{"x":810,"y":284,"w":102,"h":67,"offX":0,"offY":0,"sourceW":102,"sourceH":67},
"select2_s_png":{"x":365,"y":416,"w":110,"h":110,"offX":0,"offY":0,"sourceW":110,"sourceH":110},
"btn_point1_d_png":{"x":543,"y":1009,"w":33,"h":12,"offX":0,"offY":0,"sourceW":33,"sourceH":12},
"btn_point1_png":{"x":386,"y":969,"w":33,"h":12,"offX":0,"offY":0,"sourceW":33,"sourceH":12},
"bar_txopt_di_png":{"x":365,"y":1,"w":640,"h":189,"offX":0,"offY":0,"sourceW":640,"sourceH":189},
"sign_point_2_png":{"x":900,"y":276,"w":11,"h":6,"offX":0,"offY":0,"sourceW":11,"sourceH":6},
"sign_point_1_png":{"x":519,"y":996,"w":22,"h":23,"offX":0,"offY":0,"sourceW":22,"sourceH":23},
"bar_slider_png":{"x":866,"y":987,"w":8,"h":4,"offX":0,"offY":0,"sourceW":8,"sourceH":4},
"bar_slider_di_png":{"x":971,"y":597,"w":8,"h":284,"offX":0,"offY":0,"sourceW":8,"sourceH":284},
"icon_gene2_png":{"x":607,"y":991,"w":28,"h":28,"offX":6,"offY":6,"sourceW":39,"sourceH":39},
"icon_gene4_png":{"x":991,"y":301,"w":28,"h":28,"offX":6,"offY":5,"sourceW":39,"sourceH":39},
"icon_gene5_png":{"x":984,"y":240,"w":28,"h":29,"offX":6,"offY":5,"sourceW":39,"sourceH":39},
"icon_gene3_png":{"x":991,"y":271,"w":28,"h":28,"offX":7,"offY":7,"sourceW":39,"sourceH":39},
"icon_gene1_png":{"x":315,"y":959,"w":29,"h":28,"offX":5,"offY":6,"sourceW":39,"sourceH":39},
"info_gene_frame_png":{"x":910,"y":597,"w":39,"h":39,"offX":0,"offY":0,"sourceW":39,"sourceH":39},
"tx2_1_png":{"x":951,"y":921,"w":63,"h":62,"offX":0,"offY":0,"sourceW":63,"sourceH":62},
"info_tx2_frame_png":{"x":662,"y":944,"w":66,"h":72,"offX":0,"offY":0,"sourceW":66,"sourceH":72},
"bar_info_Gener_di_png":{"x":727,"y":192,"w":81,"h":108,"offX":0,"offY":0,"sourceW":81,"sourceH":108},
"Gene-factor_png":{"x":727,"y":384,"w":158,"h":24,"offX":106,"offY":20,"sourceW":362,"sourceH":63},
"bar_info_di_4_png":{"x":365,"y":192,"w":360,"h":222,"offX":0,"offY":0,"sourceW":360,"sourceH":222},
"bar_exp_2_png":{"x":190,"y":968,"w":121,"h":5,"offX":1,"offY":1,"sourceW":123,"sourceH":7},
"bar_exp_2_di_png":{"x":190,"y":959,"w":123,"h":7,"offX":0,"offY":0,"sourceW":123,"sourceH":7},
"icon_Mud_png":{"x":984,"y":192,"w":38,"h":46,"offX":10,"offY":2,"sourceW":60,"sourceH":48},
"icon_sand_png":{"x":476,"y":948,"w":33,"h":46,"offX":12,"offY":2,"sourceW":60,"sourceH":48},
"icon_Grassland_png":{"x":727,"y":302,"w":60,"h":48,"offX":0,"offY":0,"sourceW":60,"sourceH":48},
"skill1_png":{"x":910,"y":425,"w":62,"h":62,"offX":0,"offY":0,"sourceW":62,"sourceH":62},
"icon_lock_png":{"x":981,"y":834,"w":30,"h":37,"offX":0,"offY":0,"sourceW":30,"sourceH":37},
"info_skill_framedi_png":{"x":822,"y":829,"w":66,"h":67,"offX":0,"offY":0,"sourceW":66,"sourceH":67},
"select1_s_png":{"x":914,"y":276,"w":75,"h":74,"offX":0,"offY":0,"sourceW":75,"sourceH":74},
"info_tx_frame_png":{"x":810,"y":192,"w":88,"h":90,"offX":0,"offY":0,"sourceW":88,"sourceH":90},
"skills_png":{"x":1,"y":974,"w":75,"h":24,"offX":142,"offY":19,"sourceW":362,"sourceH":63},
"Site-suitability_png":{"x":727,"y":353,"w":224,"h":29,"offX":71,"offY":19,"sourceW":362,"sourceH":63},
"bar_info_di_3_png":{"x":548,"y":764,"w":362,"h":63,"offX":0,"offY":0,"sourceW":362,"sourceH":63},
"bar_Splitline_1_png":{"x":124,"y":993,"w":346,"h":2,"offX":0,"offY":0,"sourceW":346,"sourceH":2},
"icon_constitution_png":{"x":126,"y":948,"w":62,"h":41,"offX":0,"offY":0,"sourceW":62,"sourceH":41},
"icon_wisdom_png":{"x":981,"y":709,"w":41,"h":43,"offX":0,"offY":0,"sourceW":41,"sourceH":43},
"icon_start_png":{"x":981,"y":754,"w":36,"h":40,"offX":0,"offY":0,"sourceW":36,"sourceH":40},
"icon_Stamina_png":{"x":78,"y":974,"w":44,"h":41,"offX":0,"offY":0,"sourceW":44,"sourceH":41},
"icon_heart_png":{"x":884,"y":898,"w":18,"h":18,"offX":0,"offY":0,"sourceW":18,"sourceH":18},
"icon_heart_1_png":{"x":57,"y":1000,"w":18,"h":18,"offX":0,"offY":0,"sourceW":18,"sourceH":18},
"rightbar_di_png":{"x":912,"y":639,"w":57,"h":280,"offX":0,"offY":0,"sourceW":57,"sourceH":280},
"icon_pedigree_s_png":{"x":910,"y":489,"w":48,"h":73,"offX":8,"offY":15,"sourceW":59,"sourceH":94},
"icon_pedigree_n_png":{"x":960,"y":489,"w":48,"h":66,"offX":8,"offY":22,"sourceW":59,"sourceH":94},
"icon_skill_s_png":{"x":974,"y":425,"w":42,"h":59,"offX":8,"offY":19,"sourceW":59,"sourceH":94},
"icon_skill_n_png":{"x":508,"y":512,"w":35,"h":52,"offX":13,"offY":26,"sourceW":59,"sourceH":94},
"icon_stats_n_png":{"x":981,"y":656,"w":42,"h":51,"offX":8,"offY":27,"sourceW":59,"sourceH":94},
"icon_stats_s_png":{"x":981,"y":597,"w":42,"h":57,"offX":8,"offY":21,"sourceW":59,"sourceH":94},
"rightbar_s_png":{"x":477,"y":416,"w":59,"h":94,"offX":0,"offY":0,"sourceW":59,"sourceH":94},
"icon_age_png":{"x":472,"y":996,"w":45,"h":17,"offX":0,"offY":0,"sourceW":45,"sourceH":17},
"icon_energy_png":{"x":953,"y":352,"w":60,"h":20,"offX":0,"offY":0,"sourceW":60,"sourceH":20},
"icon_breeding-time_png":{"x":548,"y":887,"w":107,"h":20,"offX":0,"offY":0,"sourceW":107,"sourceH":20},
"icon_strength_png":{"x":948,"y":1002,"w":74,"h":19,"offX":0,"offY":0,"sourceW":74,"sourceH":19},
"icon_speed_png":{"x":545,"y":991,"w":60,"h":16,"offX":0,"offY":0,"sourceW":60,"sourceH":16},
"icon_Decterous_png":{"x":866,"y":1002,"w":80,"h":20,"offX":0,"offY":0,"sourceW":80,"sourceH":20},
"icon_burst_png":{"x":1,"y":1000,"w":54,"h":19,"offX":0,"offY":0,"sourceW":54,"sourceH":19},
"sign_2_png":{"x":637,"y":991,"w":22,"h":22,"offX":0,"offY":0,"sourceW":22,"sourceH":22},
"bar_exp_1_png":{"x":365,"y":575,"w":160,"h":7,"offX":1,"offY":1,"sourceW":161,"sourceH":9},
"bar_exp_1_di_png":{"x":190,"y":948,"w":161,"h":9,"offX":0,"offY":0,"sourceW":161,"sourceH":9},
"bar_info_di1_png":{"x":1,"y":1,"w":362,"h":582,"offX":0,"offY":0,"sourceW":362,"sourceH":582},
"days_png":{"x":346,"y":969,"w":38,"h":17,"offX":0,"offY":0,"sourceW":38,"sourceH":17},
"icon_female_png":{"x":511,"y":948,"w":32,"h":46,"offX":3,"offY":0,"sourceW":37,"sourceH":46},
"icon_Male_png":{"x":437,"y":948,"w":37,"h":43,"offX":0,"offY":2,"sourceW":37,"sourceH":46},
"tx1_1_png":{"x":900,"y":192,"w":82,"h":82,"offX":0,"offY":0,"sourceW":82,"sourceH":82},
"bar_name_png":{"x":548,"y":911,"w":188,"h":31,"offX":0,"offY":0,"sourceW":188,"sourceH":31},
"icon_stars_png":{"x":981,"y":796,"w":35,"h":36,"offX":0,"offY":0,"sourceW":35,"sourceH":36},
"icon_stars_0_png":{"x":971,"y":883,"w":35,"h":36,"offX":0,"offY":0,"sourceW":35,"sourceH":36},
"icon_breeding_n_png":{"x":730,"y":990,"w":134,"h":31,"offX":23,"offY":33,"sourceW":201,"sourceH":94},
"icon_breeding_s_png":{"x":365,"y":528,"w":141,"h":45,"offX":16,"offY":26,"sourceW":201,"sourceH":94},
"icon_merge_n_png":{"x":910,"y":384,"w":110,"h":39,"offX":22,"offY":29,"sourceW":201,"sourceH":94},
"icon_merge_s_png":{"x":548,"y":829,"w":118,"h":56,"offX":14,"offY":20,"sourceW":201,"sourceH":94},
"icon_horse_n_png":{"x":910,"y":564,"w":104,"h":31,"offX":22,"offY":33,"sourceW":201,"sourceH":94},
"icon_horse_s_png":{"x":548,"y":944,"w":112,"h":45,"offX":14,"offY":26,"sourceW":201,"sourceH":94}}}