{"file":"sevent_day_get.png","frames":{
"sevent_got_png":{"x":457,"y":182,"w":40,"h":40,"offX":0,"offY":0,"sourceW":40,"sourceH":40},
"sevent_get_png":{"x":457,"y":140,"w":40,"h":40,"offX":0,"offY":0,"sourceW":40,"sourceH":40},
"sevent_item_get_png":{"x":769,"y":1,"w":154,"h":237,"offX":0,"offY":0,"sourceW":154,"sourceH":237},
"sevent_item_got_png":{"x":769,"y":240,"w":154,"h":217,"offX":0,"offY":20,"sourceW":154,"sourceH":237},
"sevent_bg_png":{"x":519,"y":1,"w":248,"h":239,"offX":0,"offY":0,"sourceW":248,"sourceH":239},
"sevent_title_png":{"x":1,"y":1,"w":516,"h":137,"offX":0,"offY":1,"sourceW":516,"sourceH":138},
"sevent_one_got_png":{"x":115,"y":188,"w":112,"h":46,"offX":0,"offY":0,"sourceW":112,"sourceH":46},
"sevent_one_get_png":{"x":1,"y":188,"w":112,"h":46,"offX":0,"offY":0,"sourceW":112,"sourceH":46},
"sevent_two_got_png":{"x":343,"y":236,"w":112,"h":45,"offX":0,"offY":0,"sourceW":112,"sourceH":46},
"sevent_two_get_png":{"x":229,"y":236,"w":112,"h":45,"offX":0,"offY":0,"sourceW":112,"sourceH":46},
"sevent_three_got_png":{"x":343,"y":140,"w":112,"h":46,"offX":0,"offY":0,"sourceW":112,"sourceH":46},
"sevent_three_get_png":{"x":229,"y":140,"w":112,"h":46,"offX":0,"offY":0,"sourceW":112,"sourceH":46},
"sevent_four_got_png":{"x":115,"y":140,"w":112,"h":46,"offX":0,"offY":0,"sourceW":112,"sourceH":46},
"sevent_four_get_png":{"x":1,"y":140,"w":112,"h":46,"offX":0,"offY":0,"sourceW":112,"sourceH":46},
"sevent_five_got_png":{"x":115,"y":236,"w":112,"h":46,"offX":0,"offY":0,"sourceW":112,"sourceH":46},
"sevent_five_get_png":{"x":1,"y":236,"w":112,"h":46,"offX":0,"offY":0,"sourceW":112,"sourceH":46},
"sevent_six_got_png":{"x":343,"y":188,"w":112,"h":46,"offX":0,"offY":0,"sourceW":112,"sourceH":46},
"sevent_six_get_png":{"x":229,"y":188,"w":112,"h":46,"offX":0,"offY":0,"sourceW":112,"sourceH":46},
"sevent_sevent_got_png":{"x":229,"y":283,"w":112,"h":45,"offX":0,"offY":0,"sourceW":112,"sourceH":46},
"sevent_sevent_get_png":{"x":457,"y":242,"w":112,"h":45,"offX":0,"offY":0,"sourceW":112,"sourceH":46}}}