{"mc":{
	"0":{
		"frameRate":10,
		"labels":[
			{"name":"0","frame":1,"end":4}
			
			],
		"events":[
			
			],
		"frames":[
			
			{
			"res":"pai3_left_01_png",
			"x":-49,
			"y":-64
			},
			{
			"res":"pai3_left_02_png",
			"x":-49,
			"y":-66
			},
			{
			"res":"pai3_left_03_png",
			"x":-49,
			"y":-64
			},
			{
			"res":"pai3_left_04_png",
			"x":-49,
			"y":-66
			}
			]
}},
	"res":{
		"pai3_left_02_png":{"x":1,"y":1,"w":105,"h":133},
		"pai3_left_01_png":{"x":108,"y":1,"w":103,"h":131},
		"pai3_left_03_png":{"x":108,"y":1,"w":103,"h":131},
		"pai3_left_04_png":{"x":1,"y":1,"w":105,"h":133}
	}}