{"mc":{
	"0":{
		"frameRate":10,
		"labels":[
			{"name":"0","frame":1,"end":4}
			
			],
		"events":[
			
			],
		"frames":[
			
			{
			"res":"pai4_up_01_png",
			"x":-52,
			"y":-40
			},
			{
			"res":"pai4_up_02_png",
			"x":-52,
			"y":-32
			},
			{
			"res":"pai4_up_03_png",
			"x":-52,
			"y":-26
			},
			{
			"res":"pai4_up_04_png",
			"x":-52,
			"y":-32
			}
			]
}},
	"res":{
		"pai4_up_01_png":{"x":1,"y":1,"w":108,"h":107},
		"pai4_up_04_png":{"x":1,"y":110,"w":108,"h":99},
		"pai4_up_03_png":{"x":111,"y":102,"w":108,"h":93},
		"pai4_up_02_png":{"x":111,"y":1,"w":108,"h":99}
	}}