{"file":"new_ui_merge.png","frames":{
"new_ui_20_02_png":{"x":718,"y":589,"w":77,"h":83,"offX":5,"offY":1,"sourceW":84,"sourceH":84},
"new_ui_20_01_png":{"x":721,"y":419,"w":77,"h":83,"offX":5,"offY":1,"sourceW":84,"sourceH":84},
"new_ui_get_reward_png":{"x":1,"y":636,"w":94,"h":94,"offX":0,"offY":0,"sourceW":94,"sourceH":94},
"new_ui_19_02_png":{"x":718,"y":504,"w":79,"h":83,"offX":3,"offY":1,"sourceW":84,"sourceH":84},
"new_ui_19_01_png":{"x":640,"y":419,"w":79,"h":83,"offX":3,"offY":1,"sourceW":84,"sourceH":84},
"new_ui_18_png":{"x":176,"y":669,"w":33,"h":33,"offX":2,"offY":5,"sourceW":35,"sourceH":38},
"new_ui_17_png":{"x":38,"y":732,"w":33,"h":35,"offX":2,"offY":3,"sourceW":35,"sourceH":38},
"new_ui_16_png":{"x":1,"y":732,"w":35,"h":38,"offX":0,"offY":0,"sourceW":35,"sourceH":38},
"new_ui_12_png":{"x":1,"y":1,"w":390,"h":474,"offX":1,"offY":0,"sourceW":391,"sourceH":475},
"new_ui_13_png":{"x":393,"y":1,"w":238,"h":331,"offX":1,"offY":0,"sourceW":239,"sourceH":331},
"new_ui_02_png":{"x":633,"y":169,"w":215,"h":163,"offX":1,"offY":0,"sourceW":216,"sourceH":164},
"new_ui_03_png":{"x":633,"y":1,"w":232,"h":166,"offX":0,"offY":0,"sourceW":232,"sourceH":166},
"new_ui_04_02_png":{"x":354,"y":610,"w":77,"h":81,"offX":4,"offY":3,"sourceW":84,"sourceH":84},
"new_ui_04_01_png":{"x":97,"y":669,"w":77,"h":81,"offX":4,"offY":3,"sourceW":84,"sourceH":84},
"new_ui_05_png":{"x":172,"y":573,"w":94,"h":94,"offX":0,"offY":0,"sourceW":94,"sourceH":94},
"new_ui_06_02_png":{"x":460,"y":514,"w":84,"h":80,"offX":0,"offY":2,"sourceW":84,"sourceH":84},
"new_ui_06_01_png":{"x":268,"y":573,"w":84,"h":80,"offX":0,"offY":2,"sourceW":84,"sourceH":84},
"new_ui_07_png":{"x":364,"y":514,"w":94,"h":94,"offX":0,"offY":0,"sourceW":94,"sourceH":94},
"new_ui_08_png":{"x":268,"y":477,"w":94,"h":94,"offX":0,"offY":0,"sourceW":94,"sourceH":94},
"new_ui_09_02_png":{"x":721,"y":334,"w":79,"h":83,"offX":3,"offY":1,"sourceW":84,"sourceH":84},
"new_ui_09_01_png":{"x":640,"y":334,"w":79,"h":83,"offX":3,"offY":1,"sourceW":84,"sourceH":84},
"new_ui_10_02_png":{"x":632,"y":514,"w":84,"h":80,"offX":0,"offY":4,"sourceW":84,"sourceH":84},
"new_ui_10_01_png":{"x":546,"y":514,"w":84,"h":80,"offX":0,"offY":4,"sourceW":84,"sourceH":84},
"new_ui_11_png":{"x":1,"y":477,"w":169,"h":157,"offX":1,"offY":0,"sourceW":170,"sourceH":157},
"new_ui_14_png":{"x":393,"y":334,"w":245,"h":178,"offX":0,"offY":0,"sourceW":245,"sourceH":178},
"new_ui_21_png":{"x":172,"y":477,"w":94,"h":94,"offX":0,"offY":0,"sourceW":94,"sourceH":94}}}