{"mc":{
	"0":{
		"frameRate":9,
		"labels":[
			{"name":"0","frame":1,"end":20}
			
			],
		"events":[
			
			],
		"frames":[
			
			{
			"res":"idle_45",
			"x":-152,
			"y":30
			},
			{
			"res":"idle_46",
			"x":-146,
			"y":29
			},
			{
			"res":"idle_47",
			"x":-139,
			"y":29
			},
			{
			"res":"idle_48",
			"x":-137,
			"y":28
			},
			{
			"res":"idle_49",
			"x":-137,
			"y":27
			},
			{
			"res":"idle_50",
			"x":-137,
			"y":26
			},
			{
			"res":"idle_51",
			"x":-141,
			"y":25
			},
			{
			"res":"idle_52",
			"x":-145,
			"y":19
			},
			{
			"res":"idle_53",
			"x":-150,
			"y":15
			},
			{
			"res":"idle_54",
			"x":-155,
			"y":24
			},
			{
			"res":"idle_55",
			"x":-161,
			"y":26
			},
			{
			"res":"idle_56",
			"x":-164,
			"y":10
			},
			{
			"res":"idle_57",
			"x":-169,
			"y":-6
			},
			{
			"res":"idle_58",
			"x":-175,
			"y":-9
			},
			{
			"res":"idle_59",
			"x":-176,
			"y":-12
			},
			{
			"res":"idle_60",
			"x":-172,
			"y":-10
			},
			{
			"res":"idle_61",
			"x":-165,
			"y":-7
			},
			{
			"res":"idle_62",
			"x":-159,
			"y":-5
			},
			{
			"res":"idle_63",
			"x":-155,
			"y":-4
			},
			{
			"res":"idle_64",
			"x":-152,
			"y":-5
			}
			]
}},
	"res":{
		"idle_49":{"x":386,"y":1747,"w":386,"h":275},
		"idle_52":{"x":0,"y":911,"w":404,"h":285},
		"idle_64":{"x":871,"y":313,"w":419,"h":308},
		"idle_62":{"x":446,"y":313,"w":425,"h":307},
		"idle_60":{"x":889,"y":0,"w":442,"h":313},
		"idle_51":{"x":847,"y":901,"w":395,"h":278},
		"idle_45":{"x":404,"y":913,"w":398,"h":273},
		"idle_61":{"x":1331,"y":310,"w":433,"h":309},
		"idle_55":{"x":1290,"y":619,"w":408,"h":277},
		"idle_46":{"x":404,"y":1186,"w":394,"h":274},
		"idle_47":{"x":0,"y":1473,"w":388,"h":274},
		"idle_59":{"x":0,"y":0,"w":446,"h":315},
		"idle_53":{"x":0,"y":622,"w":413,"h":289},
		"idle_50":{"x":0,"y":1196,"w":386,"h":277},
		"idle_56":{"x":422,"y":620,"w":425,"h":293},
		"idle_63":{"x":0,"y":315,"w":422,"h":307},
		"idle_57":{"x":1331,"y":0,"w":435,"h":310},
		"idle_48":{"x":0,"y":1747,"w":386,"h":275},
		"idle_58":{"x":446,"y":0,"w":443,"h":313},
		"idle_54":{"x":847,"y":621,"w":400,"h":280}
	}}