{"mc":{
	"0":{
		"frameRate":10,
		"labels":[
			{"name":"0","frame":1,"end":24}
			
			],
		"events":[
			
			],
		"frames":[
			
			{
			"res":"p2_special_01_png",
			"x":14,
			"y":17
			},
			{
			"res":"p2_special_02_png",
			"x":14,
			"y":17
			},
			{
			"res":"p2_special_03_png",
			"x":14,
			"y":17
			},
			{
			"res":"p2_special_04_png",
			"x":14,
			"y":17
			},
			{
			"res":"p2_special_05_png",
			"x":14,
			"y":17
			},
			{
			"res":"p2_special_06_png",
			"x":14,
			"y":17
			},
			{
			"res":"p2_special_07_png",
			"x":14,
			"y":17
			},
			{
			"res":"p2_special_08_png",
			"x":14,
			"y":17
			},
			{
			"res":"p2_special_09_png",
			"x":15,
			"y":-26
			},
			{
			"res":"p2_special_10_png",
			"x":13,
			"y":-29
			},
			{
			"res":"p2_special_11_png",
			"x":15,
			"y":-26
			},
			{
			"res":"p2_special_12_png",
			"x":13,
			"y":-29
			},
			{
			"res":"p2_special_13_png",
			"x":14,
			"y":17
			},
			{
			"res":"p2_special_14_png",
			"x":14,
			"y":17
			},
			{
			"res":"p2_special_15_png",
			"x":14,
			"y":17
			},
			{
			"res":"p2_special_16_png",
			"x":14,
			"y":17
			},
			{
			"res":"p2_special_17_png",
			"x":14,
			"y":17
			},
			{
			"res":"p2_special_18_png",
			"x":14,
			"y":17
			},
			{
			"res":"p2_special_19_png",
			"x":14,
			"y":17
			},
			{
			"res":"p2_special_20_png",
			"x":14,
			"y":17
			},
			{
			"res":"p2_special_21_png",
			"x":14,
			"y":17
			},
			{
			"res":"p2_special_22_png",
			"x":14,
			"y":17
			},
			{
			"res":"p2_special_23_png",
			"x":14,
			"y":17
			},
			{
			"res":"p2_special_24_png",
			"x":14,
			"y":17
			}
			]
}},
	"res":{
		"p2_special_16_png":{"x":144,"y":197,"w":141,"h":194},
		"p2_special_10_png":{"x":1,"y":1,"w":141,"h":239},
		"p2_special_21_png":{"x":287,"y":1,"w":141,"h":193},
		"p2_special_19_png":{"x":144,"y":1,"w":141,"h":194},
		"p2_special_15_png":{"x":144,"y":1,"w":141,"h":194},
		"p2_special_23_png":{"x":144,"y":1,"w":141,"h":194},
		"p2_special_14_png":{"x":144,"y":197,"w":141,"h":194},
		"p2_special_01_png":{"x":287,"y":1,"w":141,"h":193},
		"p2_special_08_png":{"x":1,"y":676,"w":141,"h":194},
		"p2_special_17_png":{"x":287,"y":1,"w":141,"h":193},
		"p2_special_06_png":{"x":144,"y":393,"w":141,"h":194},
		"p2_special_04_png":{"x":144,"y":589,"w":141,"h":194},
		"p2_special_20_png":{"x":144,"y":197,"w":141,"h":194},
		"p2_special_12_png":{"x":1,"y":1,"w":141,"h":239},
		"p2_special_05_png":{"x":144,"y":785,"w":141,"h":194},
		"p2_special_07_png":{"x":1,"y":480,"w":141,"h":194},
		"p2_special_03_png":{"x":144,"y":1,"w":141,"h":194},
		"p2_special_02_png":{"x":144,"y":589,"w":141,"h":194},
		"p2_special_09_png":{"x":1,"y":242,"w":141,"h":236},
		"p2_special_24_png":{"x":144,"y":197,"w":141,"h":194},
		"p2_special_11_png":{"x":1,"y":242,"w":141,"h":236},
		"p2_special_18_png":{"x":144,"y":197,"w":141,"h":194},
		"p2_special_13_png":{"x":287,"y":1,"w":141,"h":193},
		"p2_special_22_png":{"x":144,"y":197,"w":141,"h":194}
	}}