{"mc":{
	"0":{
		"frameRate":10,
		"labels":[
			{"name":"0","frame":1,"end":4}
			
			],
		"events":[
			
			],
		"frames":[
			
			{
			"res":"pai1_right_01_png",
			"x":-42,
			"y":-29
			},
			{
			"res":"pai1_right_02_png",
			"x":-42,
			"y":-29
			},
			{
			"res":"pai1_right_03_png",
			"x":-42,
			"y":-34
			},
			{
			"res":"pai1_right_04_png",
			"x":-42,
			"y":-34
			}
			]
}},
	"res":{
		"pai1_right_04_png":{"x":1,"y":1,"w":90,"h":101},
		"pai1_right_03_png":{"x":93,"y":1,"w":89,"h":100},
		"pai1_right_01_png":{"x":1,"y":104,"w":90,"h":96},
		"pai1_right_02_png":{"x":93,"y":103,"w":90,"h":96}
	}}