{"mc":{
	"0":{
		"frameRate":9,
		"labels":[
			{"name":"0","frame":1,"end":22}
			
			],
		"events":[
			
			],
		"frames":[
			
			{
			"res":"idle_23",
			"x":-158,
			"y":33
			},
			{
			"res":"idle_24",
			"x":-166,
			"y":32
			},
			{
			"res":"idle_25",
			"x":-172,
			"y":30
			},
			{
			"res":"idle_26",
			"x":-173,
			"y":22
			},
			{
			"res":"idle_27",
			"x":-172,
			"y":9
			},
			{
			"res":"idle_28",
			"x":-167,
			"y":0
			},
			{
			"res":"idle_29",
			"x":-164,
			"y":0
			},
			{
			"res":"idle_30",
			"x":-160,
			"y":13
			},
			{
			"res":"idle_31",
			"x":-154,
			"y":27
			},
			{
			"res":"idle_32",
			"x":-145,
			"y":29
			},
			{
			"res":"idle_33",
			"x":-140,
			"y":30
			},
			{
			"res":"idle_34",
			"x":-138,
			"y":30
			},
			{
			"res":"idle_35",
			"x":-141,
			"y":31
			},
			{
			"res":"idle_36",
			"x":-145,
			"y":32
			},
			{
			"res":"idle_37",
			"x":-149,
			"y":32
			},
			{
			"res":"idle_38",
			"x":-153,
			"y":33
			},
			{
			"res":"idle_39",
			"x":-158,
			"y":33
			},
			{
			"res":"idle_40",
			"x":-164,
			"y":33
			},
			{
			"res":"idle_41",
			"x":-168,
			"y":33
			},
			{
			"res":"idle_42",
			"x":-169,
			"y":33
			},
			{
			"res":"idle_43",
			"x":-166,
			"y":32
			},
			{
			"res":"idle_44",
			"x":-161,
			"y":31
			}
			]
}},
	"res":{
		"idle_36":{"x":777,"y":836,"w":386,"h":270},
		"idle_26":{"x":1273,"y":0,"w":427,"h":279},
		"idle_39":{"x":0,"y":1382,"w":402,"h":270},
		"idle_43":{"x":825,"y":565,"w":410,"h":271},
		"idle_41":{"x":413,"y":302,"w":412,"h":270},
		"idle_28":{"x":0,"y":0,"w":424,"h":302},
		"idle_35":{"x":777,"y":1106,"w":382,"h":271},
		"idle_27":{"x":845,"y":0,"w":428,"h":294},
		"idle_33":{"x":395,"y":1109,"w":381,"h":272},
		"idle_44":{"x":1235,"y":837,"w":405,"h":272},
		"idle_23":{"x":0,"y":1109,"w":395,"h":269},
		"idle_30":{"x":1273,"y":279,"w":412,"h":289},
		"idle_34":{"x":1159,"y":1109,"w":379,"h":272},
		"idle_25":{"x":845,"y":294,"w":423,"h":271},
		"idle_37":{"x":0,"y":836,"w":391,"h":270},
		"idle_32":{"x":391,"y":836,"w":386,"h":273},
		"idle_31":{"x":1640,"y":1107,"w":397,"h":275},
		"idle_24":{"x":1235,"y":568,"w":410,"h":269},
		"idle_29":{"x":424,"y":0,"w":421,"h":302},
		"idle_40":{"x":1640,"y":837,"w":407,"h":270},
		"idle_42":{"x":0,"y":302,"w":413,"h":270},
		"idle_38":{"x":1645,"y":568,"w":396,"h":269}
	}}