{"file":"HallTexture.png","frames":{
"PublicHelp_1_png":{"x":770,"y":187,"w":112,"h":46,"offX":0,"offY":0,"sourceW":112,"sourceH":46},
"Img_Genghuan_png":{"x":608,"y":103,"w":83,"h":103,"offX":0,"offY":0,"sourceW":83,"sourceH":103},
"txk_png":{"x":838,"y":103,"w":67,"h":67,"offX":0,"offY":0,"sourceW":67,"sourceH":67},
"Spirit_Gold_1_png":{"x":282,"y":168,"w":32,"h":32,"offX":0,"offY":0,"sourceW":32,"sourceH":32},
"LobbyExit_01_png":{"x":85,"y":140,"w":88,"h":36,"offX":0,"offY":0,"sourceW":88,"sourceH":36},
"Btn_xuanxiang_2_png":{"x":175,"y":140,"w":44,"h":69,"offX":0,"offY":1,"sourceW":44,"sourceH":70},
"Btn_xuanxiang_1_png":{"x":952,"y":221,"w":44,"h":69,"offX":0,"offY":1,"sourceW":44,"sourceH":70},
"Fishs_02_png":{"x":91,"y":211,"w":54,"h":27,"offX":0,"offY":1,"sourceW":54,"sourceH":28},
"Fishs_01_png":{"x":91,"y":178,"w":52,"h":25,"offX":0,"offY":1,"sourceW":52,"sourceH":26},
"Btn_renmen_2_png":{"x":221,"y":168,"w":59,"h":32,"offX":1,"offY":0,"sourceW":60,"sourceH":32},
"Btn_renmen_1_png":{"x":147,"y":211,"w":50,"h":24,"offX":0,"offY":0,"sourceW":50,"sourceH":24},
"Btn_LianXian_2_png":{"x":221,"y":140,"w":109,"h":26,"offX":1,"offY":0,"sourceW":110,"sourceH":26},
"Btn_LianXian_1_png":{"x":332,"y":167,"w":103,"h":25,"offX":1,"offY":1,"sourceW":104,"sourceH":26},
"ArcadeGames_02_png":{"x":221,"y":205,"w":110,"h":26,"offX":0,"offY":0,"sourceW":110,"sourceH":26},
"ArcadeGames_01_png":{"x":332,"y":140,"w":104,"h":25,"offX":0,"offY":1,"sourceW":104,"sourceH":26},
"control_labaditu_png":{"x":1,"y":1,"w":575,"h":35,"offX":0,"offY":0,"sourceW":575,"sourceH":35},
"Btn_Left_1_png":{"x":509,"y":38,"w":46,"h":54,"offX":0,"offY":0,"sourceW":46,"sourceH":54},
"control_laba_png":{"x":333,"y":205,"w":40,"h":24,"offX":0,"offY":0,"sourceW":40,"sourceH":24},
"Btn_ShopBG_png":{"x":770,"y":103,"w":66,"h":82,"offX":0,"offY":0,"sourceW":66,"sourceH":82},
"Btn_shengyin_2_png":{"x":46,"y":186,"w":43,"h":70,"offX":1,"offY":0,"sourceW":44,"sourceH":70},
"Btn_shengyin_1_png":{"x":1,"y":205,"w":43,"h":70,"offX":1,"offY":0,"sourceW":44,"sourceH":70},
"Btn_paihang_1_png":{"x":884,"y":172,"w":66,"h":67,"offX":0,"offY":1,"sourceW":66,"sourceH":68},
"Btn_Notice.png_png":{"x":952,"y":149,"w":44,"h":70,"offX":0,"offY":0,"sourceW":44,"sourceH":70},
"head_1_png":{"x":205,"y":38,"w":100,"h":100,"offX":0,"offY":0,"sourceW":100,"sourceH":100},
"head_2_png":{"x":103,"y":38,"w":100,"h":100,"offX":0,"offY":0,"sourceW":100,"sourceH":100},
"head_3_png":{"x":1,"y":38,"w":100,"h":100,"offX":0,"offY":0,"sourceW":100,"sourceH":100},
"head_4_png":{"x":884,"y":1,"w":100,"h":100,"offX":0,"offY":0,"sourceW":100,"sourceH":100},
"head_5_png":{"x":782,"y":1,"w":100,"h":100,"offX":0,"offY":0,"sourceW":100,"sourceH":100},
"head_6_png":{"x":680,"y":1,"w":100,"h":100,"offX":0,"offY":0,"sourceW":100,"sourceH":100},
"head_7_png":{"x":409,"y":38,"w":98,"h":100,"offX":0,"offY":0,"sourceW":98,"sourceH":100},
"head_8_png":{"x":509,"y":103,"w":97,"h":100,"offX":0,"offY":0,"sourceW":97,"sourceH":100},
"head_9_png":{"x":578,"y":1,"w":100,"h":100,"offX":0,"offY":0,"sourceW":100,"sourceH":100},
"head_10_png":{"x":307,"y":38,"w":100,"h":100,"offX":0,"offY":0,"sourceW":100,"sourceH":100},
"Btn_xinxi_1_png":{"x":693,"y":103,"w":75,"h":108,"offX":0,"offY":0,"sourceW":75,"sourceH":108},
"btn_copy_png":{"x":907,"y":103,"w":82,"h":44,"offX":0,"offY":0,"sourceW":82,"sourceH":44},
"btn_modify_png":{"x":1,"y":140,"w":82,"h":44,"offX":0,"offY":0,"sourceW":82,"sourceH":44}}}