{"mc":{
	"0":{
		"frameRate":9,
		"labels":[
			{"name":"0","frame":1,"end":20}
			
			],
		"events":[
			
			],
		"frames":[
			
			{
			"res":"idle_45",
			"x":-152,
			"y":30
			},
			{
			"res":"idle_46",
			"x":-145,
			"y":29
			},
			{
			"res":"idle_47",
			"x":-139,
			"y":29
			},
			{
			"res":"idle_48",
			"x":-137,
			"y":28
			},
			{
			"res":"idle_49",
			"x":-137,
			"y":27
			},
			{
			"res":"idle_50",
			"x":-137,
			"y":26
			},
			{
			"res":"idle_51",
			"x":-140,
			"y":25
			},
			{
			"res":"idle_52",
			"x":-146,
			"y":19
			},
			{
			"res":"idle_53",
			"x":-150,
			"y":15
			},
			{
			"res":"idle_54",
			"x":-155,
			"y":24
			},
			{
			"res":"idle_55",
			"x":-161,
			"y":25
			},
			{
			"res":"idle_56",
			"x":-164,
			"y":9
			},
			{
			"res":"idle_57",
			"x":-170,
			"y":-7
			},
			{
			"res":"idle_58",
			"x":-175,
			"y":-10
			},
			{
			"res":"idle_59",
			"x":-176,
			"y":-12
			},
			{
			"res":"idle_60",
			"x":-171,
			"y":-9
			},
			{
			"res":"idle_61",
			"x":-163,
			"y":-6
			},
			{
			"res":"idle_62",
			"x":-158,
			"y":-4
			},
			{
			"res":"idle_63",
			"x":-154,
			"y":-4
			},
			{
			"res":"idle_64",
			"x":-152,
			"y":-5
			}
			]
}},
	"res":{
		"idle_54":{"x":409,"y":906,"w":399,"h":280},
		"idle_45":{"x":1287,"y":619,"w":398,"h":273},
		"idle_50":{"x":808,"y":926,"w":386,"h":277},
		"idle_53":{"x":0,"y":609,"w":412,"h":289},
		"idle_49":{"x":0,"y":1729,"w":386,"h":275},
		"idle_64":{"x":868,"y":618,"w":419,"h":308},
		"idle_63":{"x":447,"y":313,"w":421,"h":307},
		"idle_52":{"x":412,"y":620,"w":406,"h":286},
		"idle_61":{"x":1330,"y":311,"w":430,"h":308},
		"idle_46":{"x":1287,"y":892,"w":393,"h":274},
		"idle_51":{"x":0,"y":1176,"w":394,"h":278},
		"idle_58":{"x":447,"y":0,"w":443,"h":313},
		"idle_48":{"x":0,"y":1454,"w":386,"h":275},
		"idle_62":{"x":890,"y":312,"w":424,"h":306},
		"idle_60":{"x":890,"y":0,"w":440,"h":312},
		"idle_55":{"x":0,"y":898,"w":409,"h":278},
		"idle_59":{"x":0,"y":0,"w":447,"h":315},
		"idle_56":{"x":0,"y":315,"w":425,"h":294},
		"idle_47":{"x":394,"y":1186,"w":388,"h":274},
		"idle_57":{"x":1330,"y":0,"w":436,"h":311}
	}}