{
    "constant": false,
    "inputs": [
    {
        "internalType": "address",
        "name": "_from",
        "type": "address"
    },
    {
        "internalType": "address",
        "name": "_to",
        "type": "address"
    },
    {
        "internalType": "uint256",
        "name": "_value",
        "type": "uint256"
    }
    ],
    "name": "transferFrom",
    "outputs": [
    {
        "internalType": "bool",
        "name": "",
        "type": "bool"
    }
    ],
    "payable": false,
    "stateMutability": "nonpayable",
    "type": "function"
}