{"mc":{
	"0":{
		"frameRate":10,
		"labels":[
			{"name":"0","frame":1,"end":6}
			
			],
		"events":[
			
			],
		"frames":[
			
			{
			"res":"left_1_png",
			"x":-37,
			"y":-88
			},
			{
			"res":"left_2_png",
			"x":-37,
			"y":-86
			},
			{
			"res":"left_3_png",
			"x":-37,
			"y":-87
			},
			{
			"res":"left_4_png",
			"x":-37,
			"y":-88
			},
			{
			"res":"left_5_png",
			"x":-37,
			"y":-86
			},
			{
			"res":"left_6_png",
			"x":-37,
			"y":-87
			}
			]
}},
	"res":{
		"left_4_png":{"x":1,"y":1,"w":73,"h":131},
		"left_2_png":{"x":76,"y":133,"w":73,"h":129},
		"left_6_png":{"x":1,"y":267,"w":73,"h":130},
		"left_5_png":{"x":76,"y":264,"w":73,"h":129},
		"left_3_png":{"x":76,"y":1,"w":73,"h":130},
		"left_1_png":{"x":1,"y":134,"w":73,"h":131}
	}}