{"mc":{
	"0":{
		"frameRate":10,
		"labels":[
			{"name":"0","frame":1,"end":6}
			
			],
		"events":[
			
			],
		"frames":[
			
			{
			"res":"up_1_png",
			"x":-40,
			"y":-81
			},
			{
			"res":"up_2_png",
			"x":-38,
			"y":-83
			},
			{
			"res":"up_3_png",
			"x":-38,
			"y":-81
			},
			{
			"res":"up_4_png",
			"x":-39,
			"y":-83
			},
			{
			"res":"up_5_png",
			"x":-37,
			"y":-82
			},
			{
			"res":"up_6_png",
			"x":-38,
			"y":-81
			}
			]
}},
	"res":{
		"up_2_png":{"x":79,"y":127,"w":74,"h":126},
		"up_1_png":{"x":79,"y":1,"w":76,"h":124},
		"up_5_png":{"x":1,"y":129,"w":73,"h":125},
		"up_4_png":{"x":1,"y":1,"w":76,"h":126},
		"up_6_png":{"x":157,"y":1,"w":73,"h":124},
		"up_3_png":{"x":155,"y":127,"w":73,"h":124}
	}}