{"mc":{
	"0":{
		"frameRate":9,
		"labels":[
			{"name":"0","frame":1,"end":22}
			
			],
		"events":[
			
			],
		"frames":[
			
			{
			"res":"idle_1",
			"x":-150,
			"y":-4
			},
			{
			"res":"idle_2",
			"x":-147,
			"y":-3
			},
			{
			"res":"idle_3",
			"x":-150,
			"y":-1
			},
			{
			"res":"idle_4",
			"x":-149,
			"y":2
			},
			{
			"res":"idle_5",
			"x":-149,
			"y":6
			},
			{
			"res":"idle_6",
			"x":-154,
			"y":11
			},
			{
			"res":"idle_7",
			"x":-158,
			"y":16
			},
			{
			"res":"idle_8",
			"x":-164,
			"y":23
			},
			{
			"res":"idle_9",
			"x":-170,
			"y":30
			},
			{
			"res":"idle_10",
			"x":-172,
			"y":31
			},
			{
			"res":"idle_11",
			"x":-174,
			"y":32
			},
			{
			"res":"idle_12",
			"x":-173,
			"y":33
			},
			{
			"res":"idle_13",
			"x":-166,
			"y":34
			},
			{
			"res":"idle_14",
			"x":-160,
			"y":35
			},
			{
			"res":"idle_15",
			"x":-153,
			"y":35
			},
			{
			"res":"idle_16",
			"x":-147,
			"y":35
			},
			{
			"res":"idle_17",
			"x":-145,
			"y":35
			},
			{
			"res":"idle_18",
			"x":-144,
			"y":35
			},
			{
			"res":"idle_19",
			"x":-142,
			"y":35
			},
			{
			"res":"idle_20",
			"x":-142,
			"y":35
			},
			{
			"res":"idle_21",
			"x":-143,
			"y":34
			},
			{
			"res":"idle_22",
			"x":-148,
			"y":34
			}
			]
}},
	"res":{
		"idle_14":{"x":417,"y":577,"w":394,"h":267},
		"idle_6":{"x":1246,"y":0,"w":418,"h":293},
		"idle_16":{"x":425,"y":1379,"w":380,"h":267},
		"idle_22":{"x":1664,"y":0,"w":384,"h":268},
		"idle_9":{"x":0,"y":1481,"w":425,"h":273},
		"idle_13":{"x":1246,"y":293,"w":400,"h":268},
		"idle_21":{"x":423,"y":1111,"w":379,"h":268},
		"idle_17":{"x":425,"y":1646,"w":379,"h":267},
		"idle_11":{"x":417,"y":306,"w":418,"h":271},
		"idle_15":{"x":420,"y":844,"w":386,"h":267},
		"idle_4":{"x":0,"y":611,"w":416,"h":301},
		"idle_2":{"x":417,"y":0,"w":414,"h":306},
		"idle_10":{"x":0,"y":1754,"w":421,"h":272},
		"idle_5":{"x":831,"y":0,"w":415,"h":297},
		"idle_12":{"x":835,"y":297,"w":411,"h":269},
		"idle_19":{"x":1646,"y":535,"w":377,"h":267},
		"idle_20":{"x":1664,"y":268,"w":378,"h":267},
		"idle_18":{"x":835,"y":566,"w":378,"h":267},
		"idle_7":{"x":0,"y":912,"w":420,"h":288},
		"idle_8":{"x":0,"y":1200,"w":423,"h":281},
		"idle_3":{"x":0,"y":307,"w":417,"h":304},
		"idle_1":{"x":0,"y":0,"w":417,"h":307}
	}}