{"mc":{
	"0":{
		"frameRate":9,
		"labels":[
			{"name":"0","frame":1,"end":22}
			
			],
		"events":[
			
			],
		"frames":[
			
			{
			"res":"idle_23",
			"x":-159,
			"y":33
			},
			{
			"res":"idle_24",
			"x":-166,
			"y":31
			},
			{
			"res":"idle_25",
			"x":-173,
			"y":30
			},
			{
			"res":"idle_26",
			"x":-172,
			"y":20
			},
			{
			"res":"idle_27",
			"x":-170,
			"y":8
			},
			{
			"res":"idle_28",
			"x":-166,
			"y":0
			},
			{
			"res":"idle_29",
			"x":-164,
			"y":2
			},
			{
			"res":"idle_30",
			"x":-160,
			"y":15
			},
			{
			"res":"idle_31",
			"x":-153,
			"y":27
			},
			{
			"res":"idle_32",
			"x":-144,
			"y":29
			},
			{
			"res":"idle_33",
			"x":-140,
			"y":30
			},
			{
			"res":"idle_34",
			"x":-138,
			"y":30
			},
			{
			"res":"idle_35",
			"x":-141,
			"y":31
			},
			{
			"res":"idle_36",
			"x":-146,
			"y":32
			},
			{
			"res":"idle_37",
			"x":-149,
			"y":32
			},
			{
			"res":"idle_38",
			"x":-153,
			"y":33
			},
			{
			"res":"idle_39",
			"x":-159,
			"y":33
			},
			{
			"res":"idle_40",
			"x":-165,
			"y":33
			},
			{
			"res":"idle_41",
			"x":-168,
			"y":33
			},
			{
			"res":"idle_42",
			"x":-169,
			"y":33
			},
			{
			"res":"idle_43",
			"x":-166,
			"y":32
			},
			{
			"res":"idle_44",
			"x":-160,
			"y":31
			}
			]
}},
	"res":{
		"idle_23":{"x":413,"y":1109,"w":396,"h":269},
		"idle_42":{"x":0,"y":889,"w":413,"h":270},
		"idle_26":{"x":849,"y":0,"w":427,"h":282},
		"idle_38":{"x":413,"y":840,"w":397,"h":269},
		"idle_34":{"x":810,"y":1095,"w":379,"h":272},
		"idle_31":{"x":421,"y":565,"w":394,"h":275},
		"idle_24":{"x":0,"y":1700,"w":411,"h":270},
		"idle_35":{"x":815,"y":824,"w":382,"h":271},
		"idle_41":{"x":0,"y":1159,"w":412,"h":270},
		"idle_28":{"x":0,"y":0,"w":423,"h":302},
		"idle_33":{"x":826,"y":552,"w":381,"h":272},
		"idle_37":{"x":412,"y":1378,"w":391,"h":270},
		"idle_32":{"x":411,"y":1648,"w":385,"h":273},
		"idle_40":{"x":849,"y":282,"w":408,"h":270},
		"idle_25":{"x":1276,"y":0,"w":425,"h":271},
		"idle_30":{"x":0,"y":602,"w":411,"h":287},
		"idle_39":{"x":423,"y":295,"w":403,"h":270},
		"idle_27":{"x":423,"y":0,"w":426,"h":295},
		"idle_44":{"x":1276,"y":271,"w":403,"h":272},
		"idle_29":{"x":0,"y":302,"w":421,"h":300},
		"idle_43":{"x":0,"y":1429,"w":410,"h":271},
		"idle_36":{"x":1257,"y":543,"w":387,"h":270}
	}}