{"file":"item_merge.png","frames":{
"diamond_03_png":{"x":1171,"y":558,"w":169,"h":182,"offX":25,"offY":23,"sourceW":216,"sourceH":216},
"exp_03_png":{"x":1551,"y":388,"w":169,"h":182,"offX":25,"offY":23,"sourceW":216,"sourceH":216},
"po_02_png":{"x":407,"y":398,"w":201,"h":201,"offX":8,"offY":7,"sourceW":216,"sourceH":216},
"bu_02_png":{"x":1,"y":416,"w":201,"h":201,"offX":8,"offY":7,"sourceW":216,"sourceH":216},
"sp_02_png":{"x":204,"y":398,"w":201,"h":201,"offX":8,"offY":7,"sourceW":216,"sourceH":216},
"hp_02_png":{"x":1006,"y":204,"w":201,"h":201,"offX":8,"offY":7,"sourceW":216,"sourceH":216},
"start_02_png":{"x":1327,"y":742,"w":154,"h":185,"offX":0,"offY":0,"sourceW":154,"sourceH":185},
"start_01_png":{"x":1171,"y":742,"w":154,"h":185,"offX":0,"offY":0,"sourceW":154,"sourceH":185},
"gift_01_png":{"x":1342,"y":558,"w":95,"h":77,"offX":0,"offY":0,"sourceW":95,"sourceH":77},
"po_03_png":{"x":1645,"y":1,"w":201,"h":201,"offX":8,"offY":7,"sourceW":216,"sourceH":216},
"bu_03_png":{"x":1442,"y":1,"w":201,"h":201,"offX":8,"offY":7,"sourceW":216,"sourceH":216},
"sp_03_png":{"x":1239,"y":1,"w":201,"h":201,"offX":8,"offY":7,"sourceW":216,"sourceH":216},
"hp_03_png":{"x":803,"y":195,"w":201,"h":201,"offX":8,"offY":7,"sourceW":216,"sourceH":216},
"po_01_png":{"x":600,"y":195,"w":201,"h":201,"offX":8,"offY":7,"sourceW":216,"sourceH":216},
"bu_01_png":{"x":1,"y":213,"w":201,"h":201,"offX":8,"offY":7,"sourceW":216,"sourceH":216},
"sp_01_png":{"x":397,"y":195,"w":201,"h":201,"offX":8,"offY":7,"sourceW":216,"sourceH":216},
"hp_01_png":{"x":1036,"y":1,"w":201,"h":201,"offX":8,"offY":7,"sourceW":216,"sourceH":216},
"gold_03_png":{"x":204,"y":601,"w":169,"h":182,"offX":25,"offY":23,"sourceW":216,"sourceH":216},
"gold_02_png":{"x":610,"y":598,"w":169,"h":182,"offX":25,"offY":23,"sourceW":216,"sourceH":216},
"gold_01_png":{"x":806,"y":570,"w":169,"h":182,"offX":25,"offY":23,"sourceW":216,"sourceH":216},
"diamond_02_png":{"x":1000,"y":407,"w":169,"h":182,"offX":25,"offY":23,"sourceW":216,"sourceH":216},
"diamond_01_png":{"x":1209,"y":374,"w":169,"h":182,"offX":25,"offY":23,"sourceW":216,"sourceH":216},
"map_design_png":{"x":610,"y":398,"w":194,"h":198,"offX":11,"offY":11,"sourceW":216,"sourceH":216},
"exp_02_png":{"x":1380,"y":374,"w":169,"h":182,"offX":25,"offY":23,"sourceW":216,"sourceH":216},
"exp_01_png":{"x":375,"y":601,"w":169,"h":182,"offX":25,"offY":23,"sourceW":216,"sourceH":216},
"rank_like_png":{"x":806,"y":398,"w":192,"h":170,"offX":13,"offY":32,"sourceW":216,"sourceH":216},
"active_03_png":{"x":1585,"y":204,"w":169,"h":182,"offX":25,"offY":23,"sourceW":216,"sourceH":216},
"active_02_png":{"x":1,"y":619,"w":169,"h":182,"offX":25,"offY":23,"sourceW":216,"sourceH":216},
"diy_key_03_png":{"x":823,"y":1,"w":211,"h":192,"offX":3,"offY":9,"sourceW":216,"sourceH":216},
"diy_key_02_png":{"x":610,"y":1,"w":211,"h":192,"offX":3,"offY":9,"sourceW":216,"sourceH":216},
"diy_key_01_png":{"x":397,"y":1,"w":211,"h":192,"offX":3,"offY":9,"sourceW":216,"sourceH":216},
"skill_chicken_card_png":{"x":199,"y":1,"w":196,"h":210,"offX":0,"offY":0,"sourceW":196,"sourceH":210},
"skill_dog_card_png":{"x":1,"y":1,"w":196,"h":210,"offX":0,"offY":0,"sourceW":196,"sourceH":210},
"box_01_png":{"x":1209,"y":204,"w":186,"h":168,"offX":15,"offY":29,"sourceW":216,"sourceH":216},
"box_02_png":{"x":1397,"y":204,"w":186,"h":168,"offX":15,"offY":29,"sourceW":216,"sourceH":216},
"box_03_png":{"x":204,"y":213,"w":186,"h":169,"offX":15,"offY":29,"sourceW":216,"sourceH":216}}}