{"file":"map_res_icon.png","frames":{
"res_1_png":{"x":421,"y":337,"w":82,"h":82,"offX":0,"offY":0,"sourceW":82,"sourceH":82},
"res_2_png":{"x":421,"y":253,"w":82,"h":82,"offX":0,"offY":0,"sourceW":82,"sourceH":82},
"res_3_png":{"x":421,"y":169,"w":82,"h":82,"offX":0,"offY":0,"sourceW":82,"sourceH":82},
"res_4_png":{"x":169,"y":295,"w":82,"h":96,"offX":0,"offY":26,"sourceW":82,"sourceH":122},
"res_5_png":{"x":337,"y":197,"w":82,"h":96,"offX":0,"offY":26,"sourceW":82,"sourceH":122},
"res_6_png":{"x":253,"y":197,"w":82,"h":96,"offX":0,"offY":26,"sourceW":82,"sourceH":122},
"res_7_png":{"x":85,"y":198,"w":82,"h":96,"offX":0,"offY":26,"sourceW":82,"sourceH":122},
"res_8_png":{"x":1,"y":198,"w":82,"h":96,"offX":0,"offY":26,"sourceW":82,"sourceH":122},
"res_9_png":{"x":169,"y":197,"w":82,"h":96,"offX":0,"offY":26,"sourceW":82,"sourceH":122},
"res_10_png":{"x":85,"y":100,"w":82,"h":96,"offX":0,"offY":26,"sourceW":82,"sourceH":122},
"res_11_png":{"x":1,"y":100,"w":82,"h":96,"offX":0,"offY":26,"sourceW":82,"sourceH":122},
"res_12_png":{"x":337,"y":99,"w":82,"h":96,"offX":0,"offY":26,"sourceW":82,"sourceH":122},
"res_13_png":{"x":337,"y":1,"w":82,"h":96,"offX":0,"offY":26,"sourceW":82,"sourceH":122},
"res_14_png":{"x":253,"y":100,"w":82,"h":95,"offX":0,"offY":27,"sourceW":82,"sourceH":122},
"res_15_png":{"x":169,"y":100,"w":82,"h":95,"offX":0,"offY":27,"sourceW":82,"sourceH":122},
"res_16_png":{"x":85,"y":393,"w":82,"h":94,"offX":0,"offY":28,"sourceW":82,"sourceH":122},
"res_17_png":{"x":1,"y":393,"w":82,"h":94,"offX":0,"offY":28,"sourceW":82,"sourceH":122},
"res_18_png":{"x":337,"y":392,"w":82,"h":94,"offX":0,"offY":28,"sourceW":82,"sourceH":122},
"res_19_png":{"x":253,"y":392,"w":82,"h":94,"offX":0,"offY":28,"sourceW":82,"sourceH":122},
"res_20_png":{"x":337,"y":295,"w":82,"h":95,"offX":0,"offY":27,"sourceW":82,"sourceH":122},
"res_21_png":{"x":253,"y":295,"w":82,"h":95,"offX":0,"offY":27,"sourceW":82,"sourceH":122},
"res_22_png":{"x":85,"y":296,"w":82,"h":95,"offX":0,"offY":27,"sourceW":82,"sourceH":122},
"res_23_png":{"x":1,"y":296,"w":82,"h":95,"offX":0,"offY":27,"sourceW":82,"sourceH":122},
"res_24_png":{"x":169,"y":393,"w":82,"h":82,"offX":0,"offY":0,"sourceW":82,"sourceH":82},
"res_25_png":{"x":421,"y":85,"w":82,"h":82,"offX":0,"offY":0,"sourceW":82,"sourceH":82},
"res_26_png":{"x":421,"y":1,"w":82,"h":82,"offX":0,"offY":0,"sourceW":82,"sourceH":82},
"res_27_png":{"x":253,"y":1,"w":82,"h":97,"offX":0,"offY":25,"sourceW":82,"sourceH":122},
"res_28_png":{"x":169,"y":1,"w":82,"h":97,"offX":0,"offY":25,"sourceW":82,"sourceH":122},
"res_29_png":{"x":85,"y":1,"w":82,"h":97,"offX":0,"offY":25,"sourceW":82,"sourceH":122},
"res_30_png":{"x":1,"y":1,"w":82,"h":97,"offX":0,"offY":25,"sourceW":82,"sourceH":122}}}