{"file":"mini_res.png","frames":{
"mini_own":{"x":85,"y":85,"w":116,"h":30,"offX":0,"offY":0,"sourceW":116,"sourceH":30},
"pass_door":{"x":1,"y":85,"w":82,"h":83,"offX":0,"offY":39,"sourceW":82,"sourceH":122},
"mini_info":{"x":1,"y":1,"w":216,"h":82,"offX":0,"offY":0,"sourceW":216,"sourceH":82},
"mini_zuanshi":{"x":203,"y":105,"w":58,"h":57,"offX":0,"offY":2,"sourceW":58,"sourceH":60},
"mini_speed":{"x":85,"y":117,"w":50,"h":50,"offX":0,"offY":0,"sourceW":50,"sourceH":50},
"mini_weili":{"x":137,"y":117,"w":48,"h":50,"offX":1,"offY":0,"sourceW":50,"sourceH":50},
"mini_jinyantiaobg":{"x":317,"y":1,"w":171,"h":29,"offX":0,"offY":0,"sourceW":171,"sourceH":29},
"mini_jinyantiao":{"x":317,"y":32,"w":167,"h":25,"offX":2,"offY":2,"sourceW":171,"sourceH":29},
"mini_heart":{"x":263,"y":105,"w":50,"h":47,"offX":0,"offY":2,"sourceW":50,"sourceH":50},
"mini_coin":{"x":317,"y":59,"w":58,"h":59,"offX":0,"offY":0,"sourceW":58,"sourceH":60},
"mini_boom":{"x":377,"y":59,"w":45,"h":49,"offX":3,"offY":1,"sourceW":50,"sourceH":50},
"mini_head":{"x":219,"y":1,"w":96,"h":102,"offX":0,"offY":0,"sourceW":96,"sourceH":102}}}