{"mc":{
	"0":{
		"frameRate":9,
		"labels":[
			{"name":"0","frame":1,"end":22}
			
			],
		"events":[
			
			],
		"frames":[
			
			{
			"res":"idle_23",
			"x":-167,
			"y":31
			},
			{
			"res":"idle_24",
			"x":-173,
			"y":29
			},
			{
			"res":"idle_25",
			"x":-172,
			"y":18
			},
			{
			"res":"idle_26",
			"x":-170,
			"y":6
			},
			{
			"res":"idle_27",
			"x":-166,
			"y":-1
			},
			{
			"res":"idle_28",
			"x":-164,
			"y":3
			},
			{
			"res":"idle_29",
			"x":-159,
			"y":18
			},
			{
			"res":"idle_30",
			"x":-152,
			"y":27
			},
			{
			"res":"idle_31",
			"x":-144,
			"y":29
			},
			{
			"res":"idle_32",
			"x":-140,
			"y":30
			},
			{
			"res":"idle_33",
			"x":-138,
			"y":30
			},
			{
			"res":"idle_34",
			"x":-142,
			"y":31
			},
			{
			"res":"idle_35",
			"x":-146,
			"y":32
			},
			{
			"res":"idle_36",
			"x":-149,
			"y":32
			},
			{
			"res":"idle_37",
			"x":-154,
			"y":33
			},
			{
			"res":"idle_38",
			"x":-161,
			"y":33
			},
			{
			"res":"idle_39",
			"x":-166,
			"y":33
			},
			{
			"res":"idle_40",
			"x":-169,
			"y":33
			},
			{
			"res":"idle_41",
			"x":-168,
			"y":33
			},
			{
			"res":"idle_42",
			"x":-164,
			"y":32
			},
			{
			"res":"idle_43",
			"x":-158,
			"y":31
			},
			{
			"res":"idle_44",
			"x":-153,
			"y":30
			}
			]
}},
	"res":{
		"idle_25":{"x":1269,"y":0,"w":427,"h":284},
		"idle_30":{"x":821,"y":839,"w":392,"h":275},
		"idle_27":{"x":0,"y":0,"w":423,"h":303},
		"idle_41":{"x":1262,"y":568,"w":412,"h":270},
		"idle_36":{"x":0,"y":843,"w":392,"h":270},
		"idle_44":{"x":1632,"y":838,"w":399,"h":273},
		"idle_34":{"x":1600,"y":1111,"w":383,"h":271},
		"idle_43":{"x":1230,"y":838,"w":402,"h":272},
		"idle_33":{"x":777,"y":1114,"w":379,"h":272},
		"idle_31":{"x":392,"y":1109,"w":385,"h":273},
		"idle_23":{"x":0,"y":303,"w":413,"h":270},
		"idle_26":{"x":423,"y":0,"w":426,"h":297},
		"idle_32":{"x":0,"y":1113,"w":381,"h":272},
		"idle_35":{"x":1213,"y":1110,"w":387,"h":270},
		"idle_29":{"x":1269,"y":284,"w":409,"h":284},
		"idle_40":{"x":849,"y":299,"w":413,"h":270},
		"idle_39":{"x":821,"y":569,"w":409,"h":270},
		"idle_42":{"x":413,"y":569,"w":408,"h":271},
		"idle_28":{"x":849,"y":0,"w":420,"h":299},
		"idle_37":{"x":405,"y":840,"w":398,"h":269},
		"idle_38":{"x":0,"y":573,"w":405,"h":270},
		"idle_24":{"x":423,"y":297,"w":426,"h":272}
	}}