{"mc":{
	"0":{
		"frameRate":9,
		"labels":[
			{"name":"0","frame":1,"end":22}
			
			],
		"events":[
			
			],
		"frames":[
			
			{
			"res":"idle_23",
			"x":-164,
			"y":32
			},
			{
			"res":"idle_24",
			"x":-170,
			"y":31
			},
			{
			"res":"idle_25",
			"x":-173,
			"y":28
			},
			{
			"res":"idle_26",
			"x":-172,
			"y":13
			},
			{
			"res":"idle_27",
			"x":-167,
			"y":3
			},
			{
			"res":"idle_28",
			"x":-165,
			"y":-1
			},
			{
			"res":"idle_29",
			"x":-162,
			"y":8
			},
			{
			"res":"idle_30",
			"x":-157,
			"y":24
			},
			{
			"res":"idle_31",
			"x":-149,
			"y":28
			},
			{
			"res":"idle_32",
			"x":-141,
			"y":29
			},
			{
			"res":"idle_33",
			"x":-139,
			"y":30
			},
			{
			"res":"idle_34",
			"x":-140,
			"y":31
			},
			{
			"res":"idle_35",
			"x":-145,
			"y":32
			},
			{
			"res":"idle_36",
			"x":-149,
			"y":32
			},
			{
			"res":"idle_37",
			"x":-153,
			"y":33
			},
			{
			"res":"idle_38",
			"x":-159,
			"y":33
			},
			{
			"res":"idle_39",
			"x":-165,
			"y":33
			},
			{
			"res":"idle_40",
			"x":-168,
			"y":33
			},
			{
			"res":"idle_41",
			"x":-168,
			"y":32
			},
			{
			"res":"idle_42",
			"x":-165,
			"y":32
			},
			{
			"res":"idle_43",
			"x":-159,
			"y":31
			},
			{
			"res":"idle_44",
			"x":-154,
			"y":30
			}
			]
}},
	"res":{
		"idle_34":{"x":803,"y":1372,"w":381,"h":271},
		"idle_39":{"x":1273,"y":273,"w":408,"h":270},
		"idle_30":{"x":0,"y":867,"w":403,"h":278},
		"idle_38":{"x":419,"y":573,"w":403,"h":270},
		"idle_27":{"x":422,"y":0,"w":424,"h":300},
		"idle_31":{"x":412,"y":1112,"w":389,"h":274},
		"idle_37":{"x":419,"y":843,"w":397,"h":269},
		"idle_28":{"x":0,"y":0,"w":422,"h":303},
		"idle_35":{"x":822,"y":830,"w":386,"h":270},
		"idle_33":{"x":816,"y":1100,"w":380,"h":272},
		"idle_23":{"x":822,"y":561,"w":404,"h":269},
		"idle_42":{"x":0,"y":1686,"w":409,"h":271},
		"idle_40":{"x":0,"y":1416,"w":412,"h":270},
		"idle_41":{"x":0,"y":1145,"w":412,"h":271},
		"idle_26":{"x":846,"y":0,"w":427,"h":289},
		"idle_44":{"x":422,"y":300,"w":399,"h":273},
		"idle_32":{"x":412,"y":1656,"w":382,"h":273},
		"idle_36":{"x":412,"y":1386,"w":391,"h":270},
		"idle_29":{"x":0,"y":303,"w":416,"h":294},
		"idle_24":{"x":0,"y":597,"w":419,"h":270},
		"idle_43":{"x":846,"y":289,"w":403,"h":272},
		"idle_25":{"x":1273,"y":0,"w":427,"h":273}
	}}