{"mc":{
	"0":{
		"frameRate":7,
		"labels":[
			{"name":"0","frame":1,"end":6}
			
			],
		"events":[
			
			],
		"frames":[
			
			{
			"res":"wx_pvp_01_png",
			"x":10,
			"y":10
			},
			{
			"res":"wx_pvp_02_png",
			"x":10,
			"y":10
			},
			{
			"res":"wx_pvp_03_png",
			"x":10,
			"y":9
			},
			{
			"res":"wx_pvp_04_png",
			"x":10,
			"y":9
			},
			{
			"res":"wx_pvp_05_png",
			"x":10,
			"y":9
			},
			{
			"res":"wx_pvp_06_png",
			"x":10,
			"y":10
			}
			]
}},
	"res":{
		"wx_pvp_04_png":{"x":1,"y":341,"w":223,"h":169},
		"wx_pvp_05_png":{"x":463,"y":1,"w":226,"h":169},
		"wx_pvp_03_png":{"x":229,"y":171,"w":223,"h":169},
		"wx_pvp_02_png":{"x":1,"y":171,"w":226,"h":168},
		"wx_pvp_01_png":{"x":232,"y":1,"w":229,"h":168},
		"wx_pvp_06_png":{"x":1,"y":1,"w":229,"h":168}
	}}