{"mc":{
	"0":{
		"frameRate":9,
		"labels":[
			{"name":"0","frame":1,"end":18}
			
			],
		"events":[
			
			],
		"frames":[
			
			{
			"res":"idle_45",
			"x":-146,
			"y":30
			},
			{
			"res":"idle_46",
			"x":-139,
			"y":29
			},
			{
			"res":"idle_47",
			"x":-137,
			"y":28
			},
			{
			"res":"idle_48",
			"x":-137,
			"y":27
			},
			{
			"res":"idle_49",
			"x":-137,
			"y":26
			},
			{
			"res":"idle_50",
			"x":-141,
			"y":25
			},
			{
			"res":"idle_51",
			"x":-146,
			"y":19
			},
			{
			"res":"idle_52",
			"x":-151,
			"y":15
			},
			{
			"res":"idle_53",
			"x":-156,
			"y":24
			},
			{
			"res":"idle_54",
			"x":-161,
			"y":25
			},
			{
			"res":"idle_55",
			"x":-165,
			"y":6
			},
			{
			"res":"idle_56",
			"x":-171,
			"y":-8
			},
			{
			"res":"idle_57",
			"x":-176,
			"y":-10
			},
			{
			"res":"idle_58",
			"x":-175,
			"y":-11
			},
			{
			"res":"idle_59",
			"x":-170,
			"y":-8
			},
			{
			"res":"idle_60",
			"x":-161,
			"y":-5
			},
			{
			"res":"idle_61",
			"x":-156,
			"y":-4
			},
			{
			"res":"idle_62",
			"x":-154,
			"y":-4
			}
			]
}},
	"res":{
		"idle_51":{"x":867,"y":618,"w":406,"h":286},
		"idle_58":{"x":0,"y":0,"w":446,"h":314},
		"idle_62":{"x":446,"y":313,"w":421,"h":307},
		"idle_55":{"x":0,"y":314,"w":428,"h":297},
		"idle_60":{"x":890,"y":311,"w":428,"h":307},
		"idle_50":{"x":1273,"y":897,"w":395,"h":279},
		"idle_48":{"x":1168,"y":1176,"w":386,"h":275},
		"idle_56":{"x":1329,"y":0,"w":437,"h":312},
		"idle_52":{"x":0,"y":611,"w":413,"h":289},
		"idle_49":{"x":394,"y":900,"w":386,"h":277},
		"idle_59":{"x":890,"y":0,"w":439,"h":311},
		"idle_47":{"x":0,"y":1173,"w":386,"h":275},
		"idle_46":{"x":780,"y":904,"w":388,"h":274},
		"idle_54":{"x":1273,"y":619,"w":412,"h":278},
		"idle_45":{"x":0,"y":900,"w":394,"h":273},
		"idle_61":{"x":1318,"y":312,"w":422,"h":307},
		"idle_57":{"x":446,"y":0,"w":444,"h":313},
		"idle_53":{"x":413,"y":620,"w":398,"h":280}
	}}