{"mc":{
	"0":{
		"frameRate":7,
		"labels":[
			{"name":"0","frame":1,"end":6}
			
			],
		"events":[
			
			],
		"frames":[
			
			{
			"res":"pvp_anim_01_png",
			"x":18,
			"y":15
			},
			{
			"res":"pvp_anim_02_png",
			"x":20,
			"y":15
			},
			{
			"res":"pvp_anim_03_png",
			"x":20,
			"y":15
			},
			{
			"res":"pvp_anim_04_png",
			"x":20,
			"y":15
			},
			{
			"res":"pvp_anim_05_png",
			"x":20,
			"y":15
			},
			{
			"res":"pvp_anim_06_png",
			"x":20,
			"y":15
			}
			]
}},
	"res":{
		"pvp_anim_06_png":{"x":1,"y":667,"w":237,"h":331},
		"pvp_anim_03_png":{"x":240,"y":334,"w":235,"h":331},
		"pvp_anim_05_png":{"x":240,"y":334,"w":235,"h":331},
		"pvp_anim_02_png":{"x":1,"y":334,"w":237,"h":331},
		"pvp_anim_01_png":{"x":1,"y":1,"w":239,"h":331},
		"pvp_anim_04_png":{"x":242,"y":1,"w":233,"h":331}
	}}