{"mc":{
	"0":{
		"frameRate":10,
		"labels":[
			{"name":"0","frame":1,"end":6}
			
			],
		"events":[
			
			],
		"frames":[
			
			{
			"res":"p3_left_01_png",
			"x":-42,
			"y":-91
			},
			{
			"res":"p3_left_02_png",
			"x":-42,
			"y":-90
			},
			{
			"res":"p3_left_03_png",
			"x":-42,
			"y":-90
			},
			{
			"res":"p3_left_04_png",
			"x":-42,
			"y":-91
			},
			{
			"res":"p3_left_05_png",
			"x":-42,
			"y":-90
			},
			{
			"res":"p3_left_06_png",
			"x":-42,
			"y":-90
			}
			]
}},
	"res":{
		"p3_left_05_png":{"x":93,"y":136,"w":88,"h":133},
		"p3_left_04_png":{"x":91,"y":271,"w":88,"h":134},
		"p3_left_01_png":{"x":1,"y":271,"w":88,"h":134},
		"p3_left_06_png":{"x":1,"y":136,"w":90,"h":133},
		"p3_left_03_png":{"x":1,"y":1,"w":90,"h":133},
		"p3_left_02_png":{"x":93,"y":1,"w":88,"h":133}
	}}