{"mc":{
	"0":{
		"frameRate":10,
		"labels":[
			{"name":"0","frame":1,"end":6}
			
			],
		"events":[
			
			],
		"frames":[
			
			{
			"res":"p4_down_01_png",
			"x":-40,
			"y":-92
			},
			{
			"res":"p4_down_02_png",
			"x":-40,
			"y":-93
			},
			{
			"res":"p4_down_03_png",
			"x":-40,
			"y":-94
			},
			{
			"res":"p4_down_04_png",
			"x":-40,
			"y":-94
			},
			{
			"res":"p4_down_05_png",
			"x":-40,
			"y":-93
			},
			{
			"res":"p4_down_06_png",
			"x":-40,
			"y":-92
			}
			]
}},
	"res":{
		"p4_down_05_png":{"x":84,"y":1,"w":81,"h":136},
		"p4_down_02_png":{"x":1,"y":279,"w":81,"h":136},
		"p4_down_01_png":{"x":84,"y":276,"w":81,"h":135},
		"p4_down_04_png":{"x":1,"y":140,"w":81,"h":137},
		"p4_down_03_png":{"x":1,"y":1,"w":81,"h":137},
		"p4_down_06_png":{"x":84,"y":139,"w":81,"h":135}
	}}