{"mc":{
	"0":{
		"frameRate":7,
		"labels":[
			{"name":"0","frame":1,"end":4}
			
			],
		"events":[
			
			],
		"frames":[
			
			{
			"res":"p4_static_01_01_png",
			"x":-40,
			"y":-91
			},
			{
			"res":"p4_static_01_02_png",
			"x":-40,
			"y":-92
			},
			{
			"res":"p4_static_01_03_png",
			"x":-40,
			"y":-92
			},
			{
			"res":"p4_static_01_04_png",
			"x":-40,
			"y":-91
			}
			]
}},
	"res":{
		"p4_static_01_02_png":{"x":1,"y":138,"w":81,"h":135},
		"p4_static_01_04_png":{"x":1,"y":275,"w":81,"h":134},
		"p4_static_01_01_png":{"x":84,"y":1,"w":81,"h":134},
		"p4_static_01_03_png":{"x":1,"y":1,"w":81,"h":135}
	}}