{"mc":{
	"0":{
		"frameRate":6,
		"labels":[
			{"name":"0","frame":1,"end":8}
			
			],
		"events":[
			
			],
		"frames":[
			
			{
			"res":"c_01_png",
			"x":12,
			"y":40
			},
			{
			"res":"c_02_png",
			"x":15,
			"y":38
			},
			{
			"res":"c_03_png",
			"x":3,
			"y":10
			},
			{
			"res":"c_04_png",
			"x":4,
			"y":7
			},
			{
			"res":"c_05_png",
			"x":14,
			"y":4
			},
			{
			"res":"c_06_png",
			"x":14,
			"y":12
			},
			{
			"res":"c_07_png",
			"x":14,
			"y":16
			},
			{
			"res":"c_08_png",
			"x":14,
			"y":18
			}
			]
}},
	"res":{
		"c_03_png":{"x":99,"y":1,"w":97,"h":131},
		"c_06_png":{"x":286,"y":1,"w":86,"h":129},
		"c_05_png":{"x":198,"y":1,"w":86,"h":137},
		"c_01_png":{"x":99,"y":134,"w":89,"h":101},
		"c_07_png":{"x":374,"y":1,"w":86,"h":125},
		"c_08_png":{"x":374,"y":128,"w":86,"h":123},
		"c_04_png":{"x":1,"y":1,"w":96,"h":134},
		"c_02_png":{"x":1,"y":140,"w":85,"h":103}
	}}