{"mc":{
	"0":{
		"frameRate":10,
		"labels":[
			{"name":"0","frame":1,"end":4}
			
			],
		"events":[
			
			],
		"frames":[
			
			{
			"res":"pai3_down_01_png",
			"x":-48,
			"y":-64
			},
			{
			"res":"pai3_down_02_png",
			"x":-48,
			"y":-66
			},
			{
			"res":"pai3_down_03_png",
			"x":-48,
			"y":-64
			},
			{
			"res":"pai3_down_04_png",
			"x":-48,
			"y":-66
			}
			]
}},
	"res":{
		"pai3_down_04_png":{"x":1,"y":1,"w":100,"h":133},
		"pai3_down_02_png":{"x":1,"y":1,"w":100,"h":133},
		"pai3_down_01_png":{"x":103,"y":1,"w":100,"h":131},
		"pai3_down_03_png":{"x":103,"y":1,"w":100,"h":131}
	}}