{"file":"digital_1.png","frames":{
"+":{"x":26,"y":73,"w":25,"h":26,"offX":1,"offY":4,"sourceW":26,"sourceH":34},
"0":{"x":1,"y":37,"w":25,"h":34,"offX":1,"offY":0,"sourceW":26,"sourceH":34},
"1":{"x":110,"y":1,"w":17,"h":34,"offX":3,"offY":0,"sourceW":26,"sourceH":34},
"2":{"x":28,"y":37,"w":24,"h":34,"offX":1,"offY":0,"sourceW":26,"sourceH":34},
"3":{"x":1,"y":73,"w":23,"h":34,"offX":2,"offY":0,"sourceW":26,"sourceH":34},
"4":{"x":1,"y":1,"w":26,"h":34,"offX":0,"offY":0,"sourceW":26,"sourceH":34},
"5":{"x":80,"y":37,"w":23,"h":34,"offX":2,"offY":0,"sourceW":26,"sourceH":34},
"6":{"x":56,"y":1,"w":25,"h":34,"offX":1,"offY":0,"sourceW":26,"sourceH":34},
"7":{"x":29,"y":1,"w":25,"h":34,"offX":1,"offY":0,"sourceW":26,"sourceH":34},
"8":{"x":83,"y":1,"w":25,"h":34,"offX":1,"offY":0,"sourceW":26,"sourceH":34},
"9":{"x":54,"y":37,"w":24,"h":34,"offX":1,"offY":0,"sourceW":26,"sourceH":34}}}