{"file":"horse_page2_merge.png","frames":{
"Advanced-Merge_png":{"x":499,"y":545,"w":102,"h":39,"offX":23,"offY":8,"sourceW":147,"sourceH":58},
"bar_info_di_8_png":{"x":1,"y":1,"w":355,"h":739,"offX":0,"offY":0,"sourceW":355,"sourceH":739},
"bar_info_di_9_png":{"x":358,"y":1,"w":362,"h":282,"offX":0,"offY":0,"sourceW":362,"sourceH":282},
"bar_info_di_10_png":{"x":722,"y":1,"w":70,"h":154,"offX":0,"offY":0,"sourceW":70,"sourceH":154},
"bar_info_di_11_png":{"x":588,"y":334,"w":70,"h":73,"offX":0,"offY":0,"sourceW":70,"sourceH":73},
"bar_info_di_12_png":{"x":794,"y":129,"w":107,"h":23,"offX":0,"offY":0,"sourceW":107,"sourceH":23},
"bar_txopt_di_2_png":{"x":509,"y":285,"w":250,"h":47,"offX":0,"offY":0,"sourceW":250,"sourceH":47},
"BREEDING_png":{"x":794,"y":95,"w":192,"h":32,"offX":7,"offY":0,"sourceW":206,"sourceH":32},
"btn_info1_png":{"x":794,"y":1,"w":147,"h":58,"offX":0,"offY":0,"sourceW":147,"sourceH":58},
"btn_point2_d_png":{"x":943,"y":24,"w":41,"h":34,"offX":0,"offY":0,"sourceW":41,"sourceH":34},
"btn_point2_png":{"x":820,"y":174,"w":41,"h":34,"offX":0,"offY":0,"sourceW":41,"sourceH":34},
"GRADE-CHANCE_png":{"x":722,"y":259,"w":118,"h":12,"offX":0,"offY":0,"sourceW":118,"sourceH":12},
"icon_stars2_png":{"x":722,"y":157,"w":96,"h":100,"offX":0,"offY":0,"sourceW":96,"sourceH":100},
"LVL_png":{"x":986,"y":24,"w":27,"h":11,"offX":0,"offY":0,"sourceW":27,"sourceH":11},
"mare_png":{"x":903,"y":129,"w":53,"h":17,"offX":16,"offY":2,"sourceW":84,"sourceH":20},
"merge_png":{"x":943,"y":1,"w":66,"h":21,"offX":41,"offY":17,"sourceW":147,"sourceH":58},
"MERGEING_png":{"x":794,"y":61,"w":206,"h":32,"offX":0,"offY":0,"sourceW":206,"sourceH":32},
"middlebar_s_png":{"x":509,"y":334,"w":77,"h":77,"offX":0,"offY":0,"sourceW":77,"sourceH":77},
"stallion_png":{"x":820,"y":154,"w":82,"h":18,"offX":1,"offY":1,"sourceW":84,"sourceH":20},
"tx_UNK_1_png":{"x":358,"y":285,"w":149,"h":148,"offX":0,"offY":0,"sourceW":149,"sourceH":148},
"tx_UNK_2_png":{"x":358,"y":435,"w":139,"h":140,"offX":5,"offY":4,"sourceW":149,"sourceH":148},
"tx_UNK_3_png":{"x":499,"y":435,"w":118,"h":108,"offX":9,"offY":24,"sourceW":149,"sourceH":148}}}