{"file":"horse_page5_market.png","frames":{
"a_n_png":{"x":578,"y":271,"w":12,"h":12,"offX":0,"offY":0,"sourceW":12,"sourceH":13},
"a_s_png":{"x":564,"y":271,"w":12,"h":12,"offX":0,"offY":0,"sourceW":12,"sourceH":13},
"b_n_png":{"x":964,"y":44,"w":10,"h":12,"offX":1,"offY":0,"sourceW":12,"sourceH":13},
"b_s_png":{"x":952,"y":42,"w":10,"h":12,"offX":1,"offY":0,"sourceW":12,"sourceH":13},
"bar_info_di_25_2_png":{"x":1,"y":314,"w":367,"h":184,"offX":0,"offY":0,"sourceW":367,"sourceH":184},
"bar_info_di_26_png":{"x":1,"y":1,"w":304,"h":311,"offX":0,"offY":0,"sourceW":304,"sourceH":311},
"bar_info_di_28_png":{"x":675,"y":128,"w":177,"h":48,"offX":0,"offY":0,"sourceW":177,"sourceH":48},
"bar_info_di_29_png":{"x":1,"y":500,"w":194,"h":266,"offX":0,"offY":0,"sourceW":194,"sourceH":266},
"bar_info_di_30_png":{"x":370,"y":287,"w":232,"h":235,"offX":0,"offY":0,"sourceW":232,"sourceH":235},
"bar_info_di_31_png":{"x":711,"y":210,"w":189,"h":27,"offX":0,"offY":0,"sourceW":189,"sourceH":27},
"bar_info_di_32_png":{"x":604,"y":255,"w":181,"h":31,"offX":0,"offY":0,"sourceW":181,"sourceH":31},
"bar_info_di_33_png":{"x":604,"y":288,"w":190,"h":18,"offX":0,"offY":0,"sourceW":190,"sourceH":18},
"bar_info_di_34_png":{"x":522,"y":128,"w":151,"h":73,"offX":0,"offY":0,"sourceW":151,"sourceH":73},
"btn_point5_png":{"x":939,"y":1,"w":34,"h":24,"offX":0,"offY":0,"sourceW":34,"sourceH":24},
"c_n_png":{"x":939,"y":42,"w":11,"h":13,"offX":0,"offY":0,"sourceW":12,"sourceH":13},
"c_s_png":{"x":939,"y":27,"w":11,"h":13,"offX":0,"offY":0,"sourceW":12,"sourceH":13},
"d_n_png":{"x":988,"y":44,"w":10,"h":12,"offX":1,"offY":0,"sourceW":12,"sourceH":13},
"d_s_png":{"x":976,"y":44,"w":10,"h":12,"offX":1,"offY":0,"sourceW":12,"sourceH":13},
"Horse-Ticket_png":{"x":522,"y":1,"w":415,"h":66,"offX":0,"offY":0,"sourceW":415,"sourceH":66},
"Horse-Ticket2_png":{"x":854,"y":140,"w":169,"h":23,"offX":0,"offY":0,"sourceW":169,"sourceH":23},
"icon_Horse-Market_n_png":{"x":317,"y":524,"w":180,"h":35,"offX":20,"offY":28,"sourceW":201,"sourceH":94},
"icon_Horse-Market_s_png":{"x":522,"y":203,"w":187,"h":50,"offX":13,"offY":15,"sourceW":201,"sourceH":94},
"icon_My-Inventory_n_png":{"x":711,"y":178,"w":173,"h":30,"offX":25,"offY":35,"sourceW":201,"sourceH":94},
"icon_My-Inventory_s_png":{"x":725,"y":69,"w":179,"h":39,"offX":19,"offY":26,"sourceW":201,"sourceH":94},
"icon_Royal-Club_n_png":{"x":854,"y":110,"w":152,"h":28,"offX":21,"offY":36,"sourceW":201,"sourceH":94},
"icon_Royal-Club_s_png":{"x":499,"y":524,"w":160,"h":38,"offX":13,"offY":30,"sourceW":201,"sourceH":94},
"icon_sort_png":{"x":697,"y":178,"w":10,"h":17,"offX":0,"offY":0,"sourceW":10,"sourceH":17},
"icon_ticket_png":{"x":197,"y":500,"w":118,"h":85,"offX":0,"offY":0,"sourceW":118,"sourceH":85},
"Input-a-price_png":{"x":725,"y":110,"w":107,"h":15,"offX":0,"offY":0,"sourceW":107,"sourceH":15},
"num_4_6_png":{"x":975,"y":23,"w":19,"h":19,"offX":0,"offY":0,"sourceW":19,"sourceH":19},
"num_12_2_png":{"x":834,"y":110,"w":16,"h":14,"offX":0,"offY":3,"sourceW":16,"sourceH":20},
"Price_png":{"x":522,"y":255,"w":78,"h":14,"offX":0,"offY":0,"sourceW":78,"sourceH":14},
"Ratity_png":{"x":307,"y":287,"w":55,"h":15,"offX":0,"offY":0,"sourceW":55,"sourceH":15},
"Reset_png":{"x":522,"y":271,"w":40,"h":12,"offX":0,"offY":0,"sourceW":40,"sourceH":12},
"s_n_png":{"x":952,"y":27,"w":10,"h":13,"offX":1,"offY":0,"sourceW":12,"sourceH":13},
"s_s_png":{"x":592,"y":271,"w":10,"h":13,"offX":1,"offY":0,"sourceW":12,"sourceH":13},
"Score2_png":{"x":317,"y":500,"w":41,"h":13,"offX":0,"offY":0,"sourceW":41,"sourceH":13},
"selec10_s_png":{"x":307,"y":1,"w":213,"h":284,"offX":0,"offY":0,"sourceW":213,"sourceH":284},
"select9_di_png":{"x":675,"y":178,"w":20,"h":20,"offX":0,"offY":0,"sourceW":21,"sourceH":21},
"select9_s_png":{"x":975,"y":1,"w":20,"h":20,"offX":0,"offY":0,"sourceW":21,"sourceH":21},
"start_png":{"x":886,"y":165,"w":120,"h":31,"offX":0,"offY":0,"sourceW":120,"sourceH":31},
"Total2_png":{"x":906,"y":69,"w":84,"h":25,"offX":0,"offY":0,"sourceW":84,"sourceH":25},
"bar_info_di_27_png":{"x":522,"y":69,"w":201,"h":57,"offX":0,"offY":0,"sourceW":201,"sourceH":57}}}