{"file":"horse_page4_task.png","frames":{
"bar_info_di_18_png":{"x":1,"y":1,"w":394,"h":582,"offX":0,"offY":0,"sourceW":394,"sourceH":582},
"bar_info_di_19_png":{"x":1806,"y":191,"w":170,"h":125,"offX":0,"offY":0,"sourceW":170,"sourceH":125},
"bar_info_di_20_png":{"x":1900,"y":758,"w":109,"h":138,"offX":0,"offY":0,"sourceW":109,"sourceH":138},
"bar_info_di_23_png":{"x":397,"y":1,"w":509,"h":446,"offX":0,"offY":0,"sourceW":509,"sourceH":446},
"bar_info_di_24_s_png":{"x":1588,"y":1,"w":216,"h":282,"offX":0,"offY":0,"sourceW":216,"sourceH":282},
"bar_info_di17_png":{"x":1554,"y":327,"w":400,"h":123,"offX":0,"offY":0,"sourceW":400,"sourceH":123},
"bar_info_di21_png":{"x":1807,"y":758,"w":91,"h":178,"offX":0,"offY":0,"sourceW":91,"sourceH":178},
"bar_info_di22_png":{"x":1900,"y":898,"w":117,"h":117,"offX":0,"offY":0,"sourceW":117,"sourceH":117},
"Basicbonus_png":{"x":1026,"y":932,"w":117,"h":17,"offX":0,"offY":0,"sourceW":117,"sourceH":17},
"btn_point4_2_png":{"x":308,"y":585,"w":85,"h":98,"offX":0,"offY":0,"sourceW":85,"sourceH":98},
"btn_potnt4_png":{"x":1806,"y":1,"w":182,"h":188,"offX":0,"offY":0,"sourceW":182,"sourceH":188},
"Cargo-Transportation_png":{"x":1,"y":777,"w":283,"h":29,"offX":0,"offY":0,"sourceW":283,"sourceH":29},
"Claim-Rewards_png":{"x":1465,"y":841,"w":175,"h":21,"offX":108,"offY":26,"sourceW":373,"sourceH":78},
"Exhibition_png":{"x":1465,"y":864,"w":153,"h":24,"offX":120,"offY":0,"sourceW":394,"sourceH":29},
"Extra-bonus_png":{"x":1927,"y":736,"w":117,"h":17,"offX":0,"offY":0,"sourceW":117,"sourceH":17},
"Go-Rest_png":{"x":804,"y":554,"w":93,"h":21,"offX":38,"offY":0,"sourceW":170,"sourceH":21},
"Horse_png":{"x":246,"y":823,"w":44,"h":13,"offX":63,"offY":0,"sourceW":170,"sourceH":13},
"Ⅰ_png":{"x":1985,"y":523,"w":5,"h":19,"offX":9,"offY":0,"sourceW":21,"sourceH":19},
"icon_cargo1_d_png":{"x":1097,"y":841,"w":74,"h":72,"offX":7,"offY":16,"sourceW":88,"sourceH":103},
"icon_cargo1_png":{"x":866,"y":884,"w":74,"h":72,"offX":7,"offY":16,"sourceW":88,"sourceH":103},
"icon_cargo2_d_png":{"x":1968,"y":415,"w":79,"h":81,"offX":4,"offY":11,"sourceW":88,"sourceH":103},
"icon_cargo2_png":{"x":1927,"y":620,"w":79,"h":81,"offX":4,"offY":11,"sourceW":88,"sourceH":103},
"icon_cargo3_d_png":{"x":1956,"y":318,"w":88,"h":95,"offX":0,"offY":4,"sourceW":88,"sourceH":103},
"icon_cargo3_png":{"x":1878,"y":452,"w":88,"h":95,"offX":0,"offY":4,"sourceW":88,"sourceH":103},
"icon_cargo4_d_png":{"x":295,"y":725,"w":88,"h":103,"offX":0,"offY":0,"sourceW":88,"sourceH":103},
"icon_cargo4_png":{"x":804,"y":449,"w":88,"h":103,"offX":0,"offY":0,"sourceW":88,"sourceH":103},
"icon_Huge-profit_png":{"x":1927,"y":549,"w":103,"h":69,"offX":0,"offY":0,"sourceW":104,"sourceH":69},
"icon_Normal-profit_png":{"x":579,"y":867,"w":93,"h":65,"offX":4,"offY":3,"sourceW":104,"sourceH":69},
"icon_Small-Profit_png":{"x":942,"y":884,"w":82,"h":62,"offX":11,"offY":6,"sourceW":104,"sourceH":69},
"icon_strength2_png":{"x":1642,"y":841,"w":26,"h":36,"offX":0,"offY":0,"sourceW":26,"sourceH":36},
"icon_task_n_png":{"x":674,"y":899,"w":163,"h":30,"offX":29,"offY":32,"sourceW":201,"sourceH":94},
"icon_task_s_png":{"x":932,"y":841,"w":163,"h":41,"offX":29,"offY":26,"sourceW":201,"sourceH":94},
"Ⅱ_png":{"x":379,"y":702,"w":14,"h":19,"offX":4,"offY":0,"sourceW":21,"sourceH":19},
"Ⅲ_png":{"x":2016,"y":498,"w":19,"h":19,"offX":2,"offY":0,"sourceW":21,"sourceH":19},
"Ⅳ_png":{"x":1993,"y":498,"w":21,"h":19,"offX":0,"offY":0,"sourceW":21,"sourceH":19},
"Join-Exhibition_png":{"x":1300,"y":890,"w":170,"h":21,"offX":0,"offY":0,"sourceW":170,"sourceH":21},
"My-Exhibition_png":{"x":1588,"y":285,"w":206,"h":29,"offX":101,"offY":22,"sourceW":386,"sourceH":63},
"My-Stables_png":{"x":1173,"y":841,"w":167,"h":29,"offX":113,"offY":0,"sourceW":394,"sourceH":29},
"num_4_3_png":{"x":1968,"y":540,"w":12,"h":7,"offX":0,"offY":6,"sourceW":12,"sourceH":19},
"num_4_4_png":{"x":2029,"y":535,"w":13,"h":6,"offX":0,"offY":6,"sourceW":13,"sourceH":19},
"num_4_5_png":{"x":2014,"y":535,"w":13,"h":12,"offX":0,"offY":3,"sourceW":13,"sourceH":19},
"num_4_6_png":{"x":1620,"y":864,"w":19,"h":19,"offX":0,"offY":0,"sourceW":19,"sourceH":19},
"num_12_2_png":{"x":2014,"y":519,"w":16,"h":14,"offX":0,"offY":3,"sourceW":16,"sourceH":20},
"num_12_png":{"x":1472,"y":909,"w":159,"h":19,"offX":1,"offY":1,"sourceW":160,"sourceH":20},
"Peddlery_png":{"x":1173,"y":907,"w":120,"h":27,"offX":0,"offY":0,"sourceW":120,"sourceH":27},
"pic_huge_png":{"x":1,"y":585,"w":305,"h":138,"offX":1,"offY":1,"sourceW":406,"sourceH":139},
"pic_lose_png":{"x":1,"y":841,"w":576,"h":181,"offX":44,"offY":41,"sourceW":678,"sourceH":324},
"pic_Normal_png":{"x":397,"y":449,"w":405,"h":122,"offX":1,"offY":2,"sourceW":406,"sourceH":139},
"pic_porcelain_png":{"x":1807,"y":578,"w":118,"h":178,"offX":0,"offY":0,"sourceW":118,"sourceH":178},
"pic_profit1_png":{"x":908,"y":327,"w":644,"h":255,"offX":0,"offY":0,"sourceW":644,"sourceH":255},
"pic_profit2_png":{"x":397,"y":584,"w":643,"h":255,"offX":1,"offY":0,"sourceW":644,"sourceH":255},
"pic_profit3_png":{"x":1042,"y":584,"w":643,"h":255,"offX":1,"offY":0,"sourceW":644,"sourceH":255},
"pic_Small_png":{"x":1554,"y":452,"w":322,"h":124,"offX":0,"offY":0,"sourceW":406,"sourceH":139},
"pic_wheat_png":{"x":1687,"y":758,"w":118,"h":178,"offX":0,"offY":0,"sourceW":118,"sourceH":178},
"pic_win_png":{"x":908,"y":1,"w":678,"h":324,"offX":0,"offY":0,"sourceW":678,"sourceH":324},
"pic_wood_png":{"x":1687,"y":578,"w":118,"h":178,"offX":0,"offY":0,"sourceW":118,"sourceH":178},
"Porcelain_png":{"x":308,"y":702,"w":69,"h":14,"offX":24,"offY":0,"sourceW":118,"sourceH":14},
"Process_png":{"x":1295,"y":913,"w":90,"h":21,"offX":0,"offY":0,"sourceW":90,"sourceH":21},
"Ranch-Exhibition_png":{"x":579,"y":934,"w":232,"h":22,"offX":0,"offY":0,"sourceW":232,"sourceH":22},
"Rewards_2_png":{"x":674,"y":867,"w":190,"h":30,"offX":0,"offY":0,"sourceW":190,"sourceH":30},
"Rewards-everyday_png":{"x":1026,"y":915,"w":141,"h":15,"offX":14,"offY":0,"sourceW":170,"sourceH":15},
"Rewards_png":{"x":1026,"y":884,"w":69,"h":15,"offX":0,"offY":0,"sourceW":69,"sourceH":15},
"Score_png":{"x":246,"y":808,"w":44,"h":13,"offX":63,"offY":0,"sourceW":170,"sourceH":13},
"select-all：_png":{"x":308,"y":685,"w":73,"h":15,"offX":0,"offY":0,"sourceW":122,"sourceH":15},
"Select-Business-Goods_png":{"x":579,"y":841,"w":351,"h":24,"offX":0,"offY":0,"sourceW":351,"sourceH":24},
"select6_di_png":{"x":1968,"y":498,"w":23,"h":23,"offX":0,"offY":0,"sourceW":23,"sourceH":23},
"select6_s_png":{"x":1968,"y":523,"w":15,"h":15,"offX":4,"offY":4,"sourceW":23,"sourceH":23},
"select7_di_png":{"x":1993,"y":519,"w":19,"h":19,"offX":0,"offY":0,"sourceW":19,"sourceH":19},
"select7_s_png":{"x":383,"y":685,"w":12,"h":12,"offX":4,"offY":4,"sourceW":19,"sourceH":19},
"Selected-Score：_png":{"x":1387,"y":930,"w":122,"h":15,"offX":0,"offY":0,"sourceW":122,"sourceH":15},
"Selected：_png":{"x":1387,"y":913,"w":74,"h":15,"offX":0,"offY":0,"sourceW":122,"sourceH":15},
"start_png":{"x":1927,"y":703,"w":120,"h":31,"offX":0,"offY":0,"sourceW":120,"sourceH":31},
"title_di_png":{"x":1,"y":725,"w":292,"h":50,"offX":0,"offY":0,"sourceW":292,"sourceH":50},
"Total-Business-time_png":{"x":1472,"y":890,"w":187,"h":17,"offX":0,"offY":0,"sourceW":187,"sourceH":17},
"Total-Exhibition--Score_png":{"x":1342,"y":841,"w":121,"h":35,"offX":0,"offY":0,"sourceW":121,"sourceH":35},
"Total-Exhibition_png":{"x":1,"y":808,"w":243,"h":24,"offX":82,"offY":25,"sourceW":386,"sourceH":63},
"Total-Number-of-Horse_png":{"x":1173,"y":872,"w":125,"h":33,"offX":22,"offY":0,"sourceW":170,"sourceH":33},
"Wheat_png":{"x":866,"y":867,"w":51,"h":14,"offX":33,"offY":0,"sourceW":118,"sourceH":14},
"wood_png":{"x":1878,"y":549,"w":44,"h":14,"offX":37,"offY":0,"sourceW":118,"sourceH":14}}}