{"mc":{
	"0":{
		"frameRate":10,
		"labels":[
			{"name":"0","frame":1,"end":24}
			
			],
		"events":[
			
			],
		"frames":[
			
			{
			"res":"p1_special_01_png",
			"x":26,
			"y":19
			},
			{
			"res":"p1_special_02_png",
			"x":26,
			"y":21
			},
			{
			"res":"p1_special_03_png",
			"x":26,
			"y":19
			},
			{
			"res":"p1_special_04_png",
			"x":26,
			"y":21
			},
			{
			"res":"p1_special_05_png",
			"x":26,
			"y":19
			},
			{
			"res":"p1_special_06_png",
			"x":26,
			"y":19
			},
			{
			"res":"p1_special_07_png",
			"x":-2,
			"y":19
			},
			{
			"res":"p1_special_08_png",
			"x":5,
			"y":19
			},
			{
			"res":"p1_special_09_png",
			"x":-2,
			"y":19
			},
			{
			"res":"p1_special_10_png",
			"x":5,
			"y":19
			},
			{
			"res":"p1_special_11_png",
			"x":26,
			"y":19
			},
			{
			"res":"p1_special_12_png",
			"x":26,
			"y":18
			},
			{
			"res":"p1_special_13_png",
			"x":26,
			"y":19
			},
			{
			"res":"p1_special_14_png",
			"x":26,
			"y":19
			},
			{
			"res":"p1_special_15_png",
			"x":26,
			"y":18
			},
			{
			"res":"p1_special_16_png",
			"x":26,
			"y":19
			},
			{
			"res":"p1_special_17_png",
			"x":26,
			"y":19
			},
			{
			"res":"p1_special_18_png",
			"x":26,
			"y":18
			},
			{
			"res":"p1_special_19_png",
			"x":26,
			"y":19
			},
			{
			"res":"p1_special_20_png",
			"x":26,
			"y":19
			},
			{
			"res":"p1_special_21_png",
			"x":26,
			"y":18
			},
			{
			"res":"p1_special_22_png",
			"x":26,
			"y":19
			},
			{
			"res":"p1_special_23_png",
			"x":26,
			"y":19
			},
			{
			"res":"p1_special_24_png",
			"x":26,
			"y":18
			}
			]
}},
	"res":{
		"p1_special_08_png":{"x":1,"y":195,"w":150,"h":192},
		"p1_special_21_png":{"x":1,"y":389,"w":115,"h":192},
		"p1_special_10_png":{"x":1,"y":195,"w":150,"h":192},
		"p1_special_11_png":{"x":1,"y":777,"w":115,"h":192},
		"p1_special_14_png":{"x":1,"y":777,"w":115,"h":192},
		"p1_special_16_png":{"x":153,"y":195,"w":115,"h":191},
		"p1_special_19_png":{"x":153,"y":195,"w":115,"h":191},
		"p1_special_05_png":{"x":163,"y":1,"w":115,"h":192},
		"p1_special_15_png":{"x":1,"y":389,"w":115,"h":192},
		"p1_special_18_png":{"x":1,"y":389,"w":115,"h":192},
		"p1_special_24_png":{"x":1,"y":389,"w":115,"h":192},
		"p1_special_07_png":{"x":1,"y":1,"w":160,"h":192},
		"p1_special_13_png":{"x":153,"y":195,"w":115,"h":191},
		"p1_special_23_png":{"x":1,"y":777,"w":115,"h":192},
		"p1_special_03_png":{"x":1,"y":583,"w":115,"h":192},
		"p1_special_09_png":{"x":1,"y":1,"w":160,"h":192},
		"p1_special_04_png":{"x":118,"y":583,"w":115,"h":189},
		"p1_special_20_png":{"x":1,"y":777,"w":115,"h":192},
		"p1_special_06_png":{"x":118,"y":389,"w":115,"h":192},
		"p1_special_22_png":{"x":153,"y":195,"w":115,"h":191},
		"p1_special_01_png":{"x":1,"y":583,"w":115,"h":192},
		"p1_special_17_png":{"x":1,"y":777,"w":115,"h":192},
		"p1_special_12_png":{"x":1,"y":389,"w":115,"h":192},
		"p1_special_02_png":{"x":118,"y":583,"w":115,"h":189}
	}}