{"mc":{
	"0":{
		"frameRate":10,
		"labels":[
			{"name":"0","frame":1,"end":24}
			
			],
		"events":[
			
			],
		"frames":[
			
			{
			"res":"p4_special_01_png",
			"x":24,
			"y":13
			},
			{
			"res":"p4_special_02_png",
			"x":24,
			"y":13
			},
			{
			"res":"p4_special_03_png",
			"x":24,
			"y":13
			},
			{
			"res":"p4_special_04_png",
			"x":24,
			"y":13
			},
			{
			"res":"p4_special_05_png",
			"x":24,
			"y":13
			},
			{
			"res":"p4_special_06_png",
			"x":24,
			"y":13
			},
			{
			"res":"p4_special_07_png",
			"x":8,
			"y":12
			},
			{
			"res":"p4_special_08_png",
			"x":12,
			"y":8
			},
			{
			"res":"p4_special_09_png",
			"x":12,
			"y":8
			},
			{
			"res":"p4_special_10_png",
			"x":24,
			"y":13
			},
			{
			"res":"p4_special_11_png",
			"x":24,
			"y":13
			},
			{
			"res":"p4_special_12_png",
			"x":14,
			"y":12
			},
			{
			"res":"p4_special_13_png",
			"x":14,
			"y":8
			},
			{
			"res":"p4_special_14_png",
			"x":14,
			"y":8
			},
			{
			"res":"p4_special_15_png",
			"x":24,
			"y":13
			},
			{
			"res":"p4_special_16_png",
			"x":24,
			"y":13
			},
			{
			"res":"p4_special_17_png",
			"x":9,
			"y":12
			},
			{
			"res":"p4_special_18_png",
			"x":9,
			"y":8
			},
			{
			"res":"p4_special_19_png",
			"x":9,
			"y":8
			},
			{
			"res":"p4_special_20_png",
			"x":9,
			"y":8
			},
			{
			"res":"p4_special_21_png",
			"x":9,
			"y":8
			},
			{
			"res":"p4_special_22_png",
			"x":9,
			"y":8
			},
			{
			"res":"p4_special_23_png",
			"x":9,
			"y":8
			},
			{
			"res":"p4_special_24_png",
			"x":9,
			"y":8
			}
			]
}},
	"res":{
		"p4_special_02_png":{"x":150,"y":816,"w":123,"h":199},
		"p4_special_15_png":{"x":1,"y":824,"w":123,"h":199},
		"p4_special_12_png":{"x":290,"y":615,"w":133,"h":200},
		"p4_special_20_png":{"x":1,"y":619,"w":147,"h":203},
		"p4_special_01_png":{"x":1,"y":824,"w":123,"h":199},
		"p4_special_10_png":{"x":1,"y":824,"w":123,"h":199},
		"p4_special_07_png":{"x":150,"y":413,"w":139,"h":200},
		"p4_special_09_png":{"x":150,"y":1,"w":144,"h":204},
		"p4_special_04_png":{"x":150,"y":816,"w":123,"h":199},
		"p4_special_08_png":{"x":150,"y":1,"w":144,"h":204},
		"p4_special_11_png":{"x":150,"y":816,"w":123,"h":199},
		"p4_special_03_png":{"x":1,"y":824,"w":123,"h":199},
		"p4_special_16_png":{"x":150,"y":816,"w":123,"h":199},
		"p4_special_24_png":{"x":1,"y":619,"w":147,"h":203},
		"p4_special_21_png":{"x":1,"y":207,"w":147,"h":204},
		"p4_special_14_png":{"x":150,"y":207,"w":142,"h":204},
		"p4_special_05_png":{"x":1,"y":824,"w":123,"h":199},
		"p4_special_17_png":{"x":150,"y":615,"w":138,"h":199},
		"p4_special_13_png":{"x":150,"y":207,"w":142,"h":204},
		"p4_special_06_png":{"x":150,"y":816,"w":123,"h":199},
		"p4_special_22_png":{"x":1,"y":619,"w":147,"h":203},
		"p4_special_23_png":{"x":1,"y":207,"w":147,"h":204},
		"p4_special_19_png":{"x":1,"y":413,"w":147,"h":204},
		"p4_special_18_png":{"x":1,"y":1,"w":147,"h":204}
	}}