{"mc":{
	"0":{
		"frameRate":10,
		"labels":[
			{"name":"0","frame":1,"end":24}
			
			],
		"events":[
			
			],
		"frames":[
			
			{
			"res":"p3_special_01_png",
			"x":25,
			"y":20
			},
			{
			"res":"p3_special_02_png",
			"x":24,
			"y":19
			},
			{
			"res":"p3_special_03_png",
			"x":22,
			"y":18
			},
			{
			"res":"p3_special_04_png",
			"x":19,
			"y":18
			},
			{
			"res":"p3_special_05png_png",
			"x":19,
			"y":20
			},
			{
			"res":"p3_special_06_png",
			"x":19,
			"y":20
			},
			{
			"res":"p3_special_07_png",
			"x":19,
			"y":20
			},
			{
			"res":"p3_special_08_png",
			"x":19,
			"y":20
			},
			{
			"res":"p3_special_09_png",
			"x":19,
			"y":19
			},
			{
			"res":"p3_special_10_png",
			"x":19,
			"y":20
			},
			{
			"res":"p3_special_11_png",
			"x":19,
			"y":19
			},
			{
			"res":"p3_special_12_png",
			"x":19,
			"y":20
			},
			{
			"res":"p3_special_13_png",
			"x":25,
			"y":20
			},
			{
			"res":"p3_special_14_png",
			"x":25,
			"y":20
			},
			{
			"res":"p3_special_15_png",
			"x":25,
			"y":19
			},
			{
			"res":"p3_special_16_png",
			"x":25,
			"y":20
			},
			{
			"res":"p3_special_17_png",
			"x":25,
			"y":20
			},
			{
			"res":"p3_special_18_png",
			"x":25,
			"y":20
			},
			{
			"res":"p3_special_19_png",
			"x":25,
			"y":19
			},
			{
			"res":"p3_special_20_png",
			"x":25,
			"y":20
			},
			{
			"res":"p3_special_21_png",
			"x":25,
			"y":20
			},
			{
			"res":"p3_special_22_png",
			"x":25,
			"y":20
			},
			{
			"res":"p3_special_23_png",
			"x":25,
			"y":19
			},
			{
			"res":"p3_special_24_png",
			"x":25,
			"y":20
			}
			]
}},
	"res":{
		"p3_special_01_png":{"x":243,"y":773,"w":119,"h":191},
		"p3_special_19_png":{"x":1,"y":773,"w":119,"h":192},
		"p3_special_12_png":{"x":1,"y":387,"w":157,"h":190},
		"p3_special_05png_png":{"x":160,"y":196,"w":126,"h":191},
		"p3_special_14_png":{"x":364,"y":773,"w":119,"h":191},
		"p3_special_09_png":{"x":1,"y":1,"w":157,"h":192},
		"p3_special_18_png":{"x":364,"y":773,"w":119,"h":191},
		"p3_special_16_png":{"x":122,"y":773,"w":119,"h":191},
		"p3_special_20_png":{"x":122,"y":773,"w":119,"h":191},
		"p3_special_22_png":{"x":364,"y":773,"w":119,"h":191},
		"p3_special_24_png":{"x":122,"y":773,"w":119,"h":191},
		"p3_special_02_png":{"x":131,"y":579,"w":128,"h":192},
		"p3_special_08_png":{"x":1,"y":387,"w":157,"h":190},
		"p3_special_17_png":{"x":243,"y":773,"w":119,"h":191},
		"p3_special_10_png":{"x":1,"y":387,"w":157,"h":190},
		"p3_special_23_png":{"x":1,"y":773,"w":119,"h":192},
		"p3_special_11_png":{"x":1,"y":1,"w":157,"h":192},
		"p3_special_03_png":{"x":1,"y":579,"w":128,"h":192},
		"p3_special_15_png":{"x":1,"y":773,"w":119,"h":192},
		"p3_special_13_png":{"x":243,"y":773,"w":119,"h":191},
		"p3_special_04_png":{"x":160,"y":1,"w":126,"h":193},
		"p3_special_07_png":{"x":1,"y":195,"w":157,"h":190},
		"p3_special_21_png":{"x":243,"y":773,"w":119,"h":191},
		"p3_special_06_png":{"x":160,"y":196,"w":126,"h":191}
	}}