{"file":"horse_page2_home.png","frames":{
"icon_horse_s_png":{"x":910,"y":570,"w":112,"h":45,"offX":14,"offY":26,"sourceW":201,"sourceH":94},
"icon_horse_n_png":{"x":911,"y":985,"w":104,"h":31,"offX":22,"offY":33,"sourceW":201,"sourceH":94},
"icon_merge_s_png":{"x":548,"y":829,"w":118,"h":56,"offX":14,"offY":20,"sourceW":201,"sourceH":94},
"icon_merge_n_png":{"x":805,"y":921,"w":110,"h":39,"offX":22,"offY":29,"sourceW":201,"sourceH":94},
"icon_breeding_s_png":{"x":365,"y":528,"w":141,"h":45,"offX":16,"offY":26,"sourceW":201,"sourceH":94},
"icon_breeding_n_png":{"x":615,"y":941,"w":134,"h":31,"offX":23,"offY":33,"sourceW":201,"sourceH":94},
"icon_stars_0_png":{"x":987,"y":528,"w":35,"h":36,"offX":0,"offY":0,"sourceW":35,"sourceH":36},
"icon_stars_png":{"x":987,"y":490,"w":35,"h":36,"offX":0,"offY":0,"sourceW":35,"sourceH":36},
"bar_name_png":{"x":668,"y":829,"w":188,"h":31,"offX":0,"offY":0,"sourceW":188,"sourceH":31},
"icon_Male_png":{"x":986,"y":403,"w":37,"h":43,"offX":0,"offY":2,"sourceW":37,"sourceH":46},
"icon_female_png":{"x":988,"y":192,"w":32,"h":46,"offX":3,"offY":0,"sourceW":37,"sourceH":46},
"days_png":{"x":508,"y":566,"w":38,"h":17,"offX":0,"offY":0,"sourceW":38,"sourceH":17},
"bar_info_di1_png":{"x":1,"y":1,"w":362,"h":582,"offX":0,"offY":0,"sourceW":362,"sourceH":582},
"bar_exp_1_di_png":{"x":1,"y":1012,"w":161,"h":9,"offX":0,"offY":0,"sourceW":161,"sourceH":9},
"bar_exp_1_png":{"x":380,"y":1009,"w":160,"h":7,"offX":1,"offY":1,"sourceW":161,"sourceH":9},
"sign_2_png":{"x":998,"y":271,"w":22,"h":22,"offX":0,"offY":0,"sourceW":22,"sourceH":22},
"icon_burst_png":{"x":910,"y":617,"w":54,"h":19,"offX":0,"offY":0,"sourceW":54,"sourceH":19},
"icon_Decterous_png":{"x":298,"y":993,"w":80,"h":20,"offX":0,"offY":0,"sourceW":80,"sourceH":20},
"icon_speed_png":{"x":587,"y":996,"w":60,"h":16,"offX":0,"offY":0,"sourceW":60,"sourceH":16},
"icon_strength_png":{"x":427,"y":969,"w":74,"h":19,"offX":0,"offY":0,"sourceW":74,"sourceH":19},
"icon_breeding-time_png":{"x":65,"y":974,"w":107,"h":20,"offX":0,"offY":0,"sourceW":107,"sourceH":20},
"icon_energy_png":{"x":587,"y":974,"w":60,"h":20,"offX":0,"offY":0,"sourceW":60,"sourceH":20},
"icon_age_png":{"x":427,"y":990,"w":45,"h":17,"offX":0,"offY":0,"sourceW":45,"sourceH":17},
"rightbar_s_png":{"x":477,"y":416,"w":59,"h":94,"offX":0,"offY":0,"sourceW":59,"sourceH":94},
"icon_stats_s_png":{"x":805,"y":862,"w":42,"h":57,"offX":8,"offY":21,"sourceW":59,"sourceH":94},
"icon_stats_n_png":{"x":615,"y":887,"w":42,"h":51,"offX":8,"offY":27,"sourceW":59,"sourceH":94},
"icon_skill_n_png":{"x":508,"y":512,"w":35,"h":52,"offX":13,"offY":26,"sourceW":59,"sourceH":94},
"icon_skill_s_png":{"x":254,"y":948,"w":42,"h":59,"offX":8,"offY":19,"sourceW":59,"sourceH":94},
"icon_pedigree_n_png":{"x":971,"y":617,"w":48,"h":66,"offX":8,"offY":22,"sourceW":59,"sourceH":94},
"icon_pedigree_s_png":{"x":858,"y":829,"w":48,"h":73,"offX":8,"offY":15,"sourceW":59,"sourceH":94},
"rightbar_di_png":{"x":912,"y":639,"w":57,"h":280,"offX":0,"offY":0,"sourceW":57,"sourceH":280},
"icon_heart_1_png":{"x":890,"y":988,"w":18,"h":18,"offX":0,"offY":0,"sourceW":18,"sourceH":18},
"icon_heart_png":{"x":998,"y":295,"w":18,"h":18,"offX":0,"offY":0,"sourceW":18,"sourceH":18},
"icon_Stamina_png":{"x":298,"y":948,"w":44,"h":41,"offX":0,"offY":0,"sourceW":44,"sourceH":41},
"icon_start_png":{"x":986,"y":448,"w":36,"h":40,"offX":0,"offY":0,"sourceW":36,"sourceH":40},
"icon_wisdom_png":{"x":344,"y":948,"w":41,"h":43,"offX":0,"offY":0,"sourceW":41,"sourceH":43},
"icon_constitution_png":{"x":190,"y":948,"w":62,"h":41,"offX":0,"offY":0,"sourceW":62,"sourceH":41},
"bar_Splitline_1_png":{"x":542,"y":1016,"w":346,"h":2,"offX":0,"offY":0,"sourceW":346,"sourceH":2},
"bar_info_di_3_png":{"x":548,"y":764,"w":362,"h":63,"offX":0,"offY":0,"sourceW":362,"sourceH":63},
"Site-suitability_png":{"x":727,"y":384,"w":224,"h":29,"offX":71,"offY":19,"sourceW":362,"sourceH":63},
"skills_png":{"x":174,"y":991,"w":75,"h":24,"offX":142,"offY":19,"sourceW":362,"sourceH":63},
"info_tx_frame_png":{"x":727,"y":292,"w":88,"h":90,"offX":0,"offY":0,"sourceW":88,"sourceH":90},
"select1_s_png":{"x":910,"y":494,"w":75,"h":74,"offX":0,"offY":0,"sourceW":75,"sourceH":74},
"info_skill_framedi_png":{"x":737,"y":862,"w":66,"h":67,"offX":0,"offY":0,"sourceW":66,"sourceH":67},
"icon_lock_png":{"x":649,"y":974,"w":30,"h":37,"offX":0,"offY":0,"sourceW":30,"sourceH":37},
"skill1_png":{"x":1,"y":948,"w":62,"h":62,"offX":0,"offY":0,"sourceW":62,"sourceH":62},
"icon_Grassland_png":{"x":953,"y":353,"w":60,"h":48,"offX":0,"offY":0,"sourceW":60,"sourceH":48},
"icon_sand_png":{"x":552,"y":968,"w":33,"h":46,"offX":12,"offY":2,"sourceW":60,"sourceH":48},
"icon_Mud_png":{"x":387,"y":948,"w":38,"h":46,"offX":10,"offY":2,"sourceW":60,"sourceH":48},
"bar_exp_2_di_png":{"x":251,"y":1015,"w":123,"h":7,"offX":0,"offY":0,"sourceW":123,"sourceH":7},
"bar_exp_2_png":{"x":890,"y":1018,"w":121,"h":5,"offX":1,"offY":1,"sourceW":123,"sourceH":7},
"bar_info_di_4_png":{"x":365,"y":192,"w":360,"h":222,"offX":0,"offY":0,"sourceW":360,"sourceH":222},
"Gene-factor_png":{"x":751,"y":962,"w":158,"h":24,"offX":106,"offY":20,"sourceW":362,"sourceH":63},
"bar_info_Gener_di_png":{"x":827,"y":192,"w":81,"h":108,"offX":0,"offY":0,"sourceW":81,"sourceH":108},
"info_gene_frame_png":{"x":511,"y":968,"w":39,"h":39,"offX":0,"offY":0,"sourceW":39,"sourceH":39},
"icon_gene1_png":{"x":921,"y":353,"w":29,"h":28,"offX":5,"offY":6,"sourceW":39,"sourceH":39},
"icon_gene3_png":{"x":751,"y":931,"w":28,"h":28,"offX":7,"offY":7,"sourceW":39,"sourceH":39},
"icon_gene5_png":{"x":988,"y":240,"w":28,"h":29,"offX":6,"offY":5,"sourceW":39,"sourceH":39},
"icon_gene4_png":{"x":681,"y":974,"w":28,"h":28,"offX":6,"offY":5,"sourceW":39,"sourceH":39},
"icon_gene2_png":{"x":711,"y":974,"w":28,"h":28,"offX":6,"offY":6,"sourceW":39,"sourceH":39},
"bar_slider_di_png":{"x":982,"y":685,"w":8,"h":284,"offX":0,"offY":0,"sourceW":8,"sourceH":284},
"bar_slider_png":{"x":542,"y":1009,"w":8,"h":4,"offX":0,"offY":0,"sourceW":8,"sourceH":4},
"sign_point_1_png":{"x":781,"y":931,"w":22,"h":23,"offX":0,"offY":0,"sourceW":22,"sourceH":23},
"sign_point_2_png":{"x":737,"y":931,"w":11,"h":6,"offX":0,"offY":0,"sourceW":11,"sourceH":6},
"bar_txopt_di_png":{"x":365,"y":1,"w":640,"h":189,"offX":0,"offY":0,"sourceW":640,"sourceH":189},
"btn_point1_png":{"x":474,"y":990,"w":33,"h":12,"offX":0,"offY":0,"sourceW":33,"sourceH":12},
"btn_point1_d_png":{"x":511,"y":948,"w":33,"h":12,"offX":0,"offY":0,"sourceW":33,"sourceH":12},
"select2_s_png":{"x":365,"y":416,"w":110,"h":110,"offX":0,"offY":0,"sourceW":110,"sourceH":110},
"btn_back_png":{"x":817,"y":302,"w":102,"h":67,"offX":0,"offY":0,"sourceW":102,"sourceH":67},
"bar_info_di_5_png":{"x":548,"y":416,"w":360,"h":221,"offX":0,"offY":0,"sourceW":360,"sourceH":221},
"bar_info_di_7_png":{"x":1,"y":585,"w":545,"h":361,"offX":0,"offY":0,"sourceW":545,"sourceH":361},
"Attribute_png":{"x":65,"y":948,"w":123,"h":24,"offX":177,"offY":8,"sourceW":494,"sourceH":41},
"icon_level_d_png":{"x":921,"y":274,"w":75,"h":77,"offX":1,"offY":2,"sourceW":76,"sourceH":80},
"icon_level_c_png":{"x":548,"y":887,"w":65,"h":79,"offX":8,"offY":1,"sourceW":76,"sourceH":80},
"icon_level_a_png":{"x":910,"y":415,"w":74,"h":77,"offX":0,"offY":2,"sourceW":76,"sourceH":80},
"icon_level_s_png":{"x":910,"y":192,"w":76,"h":80,"offX":0,"offY":0,"sourceW":76,"sourceH":80},
"icon_level_b_png":{"x":668,"y":862,"w":67,"h":77,"offX":1,"offY":2,"sourceW":76,"sourceH":80},
"bar_info_di2_png":{"x":548,"y":639,"w":348,"h":123,"offX":0,"offY":0,"sourceW":348,"sourceH":123},
"mask2_png":{"x":427,"y":948,"w":82,"h":19,"offX":0,"offY":0,"sourceW":82,"sourceH":19},
"tx2_1_png":{"x":917,"y":921,"w":63,"h":62,"offX":0,"offY":0,"sourceW":63,"sourceH":62},
"tx1_1_png":{"x":727,"y":192,"w":98,"h":98,"offX":0,"offY":0,"sourceW":98,"sourceH":98}}}