{"file":"horse_page1_home.png","frames":{
"sign_1_png":{"x":278,"y":392,"w":25,"h":27,"offX":0,"offY":0,"sourceW":25,"sourceH":27},
"pic_shadow_png":{"x":1,"y":1,"w":719,"h":244,"offX":0,"offY":0,"sourceW":719,"sourceH":244},
"pic_logo_png":{"x":722,"y":1,"w":199,"h":106,"offX":0,"offY":0,"sourceW":199,"sourceH":106},
"leftbar_s_png":{"x":722,"y":109,"w":201,"h":94,"offX":0,"offY":0,"sourceW":201,"sourceH":94},
"icon_training_s_png":{"x":180,"y":331,"w":137,"h":47,"offX":17,"offY":23,"sourceW":201,"sourceH":94},
"icon_training_n_png":{"x":319,"y":344,"w":131,"h":33,"offX":23,"offY":30,"sourceW":201,"sourceH":94},
"icon_task_s_png":{"x":923,"y":1,"w":90,"h":41,"offX":29,"offY":26,"sourceW":201,"sourceH":94},
"icon_task_n_png":{"x":452,"y":360,"w":90,"h":30,"offX":29,"offY":32,"sourceW":201,"sourceH":94},
"icon_stables_s_png":{"x":553,"y":247,"w":124,"h":38,"offX":19,"offY":28,"sourceW":201,"sourceH":94},
"icon_stables_n_png":{"x":670,"y":332,"w":118,"h":27,"offX":25,"offY":34,"sourceW":201,"sourceH":94},
"icon_marketpalec_s_png":{"x":1,"y":331,"w":177,"h":39,"offX":17,"offY":27,"sourceW":201,"sourceH":94},
"icon_marketpalec_n_png":{"x":498,"y":329,"w":170,"h":29,"offX":24,"offY":33,"sourceW":201,"sourceH":94},
"icon_level_png":{"x":923,"y":44,"w":48,"h":62,"offX":0,"offY":0,"sourceW":48,"sourceH":63},
"icon_homestead_s_png":{"x":325,"y":294,"w":171,"h":48,"offX":13,"offY":23,"sourceW":201,"sourceH":94},
"icon_homestead_n_png":{"x":498,"y":294,"w":162,"h":33,"offX":22,"offY":30,"sourceW":201,"sourceH":94},
"icon_champion_png":{"x":722,"y":205,"w":121,"h":125,"offX":0,"offY":0,"sourceW":121,"sourceH":125},
"btn_+_png":{"x":679,"y":247,"w":35,"h":31,"offX":0,"offY":0,"sourceW":35,"sourceH":31},
"bar_name_di_png":{"x":1,"y":247,"w":322,"h":82,"offX":0,"offY":0,"sourceW":322,"sourceH":82},
"bar_level_1_png":{"x":162,"y":372,"w":14,"h":37,"offX":0,"offY":0,"sourceW":14,"sourceH":37},
"bar_level_1_di_png":{"x":325,"y":247,"w":226,"h":45,"offX":0,"offY":0,"sourceW":226,"sourceH":45},
"bar_health_1_png":{"x":319,"y":331,"w":3,"h":3,"offX":0,"offY":0,"sourceW":3,"sourceH":3},
"bar_health_1_di_png":{"x":1,"y":412,"w":275,"h":3,"offX":0,"offY":0,"sourceW":275,"sourceH":3},
"bar_coin_png":{"x":1,"y":372,"w":159,"h":38,"offX":0,"offY":0,"sourceW":159,"sourceH":38},
"icon_coin1_png":{"x":319,"y":379,"w":39,"h":41,"offX":0,"offY":0,"sourceW":39,"sourceH":41},
"icon_coin2_png":{"x":670,"y":287,"w":39,"h":41,"offX":0,"offY":0,"sourceW":39,"sourceH":41}}}