{"file":"map_res3_icon.png","frames":{
"res_70_png":{"x":167,"y":297,"w":82,"h":82,"offX":0,"offY":0,"sourceW":82,"sourceH":82},
"res_71_png":{"x":251,"y":293,"w":82,"h":82,"offX":0,"offY":0,"sourceW":82,"sourceH":82},
"res_72_png":{"x":421,"y":1,"w":82,"h":97,"offX":0,"offY":25,"sourceW":82,"sourceH":122},
"res_73_png":{"x":337,"y":1,"w":82,"h":97,"offX":0,"offY":25,"sourceW":82,"sourceH":122},
"res_74_png":{"x":253,"y":100,"w":81,"h":97,"offX":0,"offY":25,"sourceW":82,"sourceH":122},
"res_75_png":{"x":169,"y":198,"w":80,"h":97,"offX":1,"offY":25,"sourceW":82,"sourceH":122},
"res_76_png":{"x":1,"y":295,"w":80,"h":97,"offX":1,"offY":25,"sourceW":82,"sourceH":122},
"res_77_png":{"x":251,"y":199,"w":82,"h":92,"offX":0,"offY":27,"sourceW":82,"sourceH":122},
"res_78_png":{"x":1,"y":100,"w":82,"h":96,"offX":0,"offY":26,"sourceW":82,"sourceH":122},
"res_79_png":{"x":85,"y":198,"w":82,"h":95,"offX":0,"offY":27,"sourceW":82,"sourceH":122},
"res_80_png":{"x":1,"y":198,"w":82,"h":95,"offX":0,"offY":27,"sourceW":82,"sourceH":122},
"res_81_png":{"x":83,"y":295,"w":82,"h":94,"offX":0,"offY":27,"sourceW":82,"sourceH":122},
"res_82_png":{"x":253,"y":1,"w":82,"h":97,"offX":0,"offY":25,"sourceW":82,"sourceH":122},
"res_83_png":{"x":169,"y":1,"w":82,"h":97,"offX":0,"offY":25,"sourceW":82,"sourceH":122},
"res_84_png":{"x":169,"y":100,"w":82,"h":96,"offX":0,"offY":25,"sourceW":82,"sourceH":122},
"res_85_png":{"x":85,"y":100,"w":82,"h":96,"offX":0,"offY":25,"sourceW":82,"sourceH":122},
"res_86_png":{"x":85,"y":1,"w":82,"h":97,"offX":0,"offY":25,"sourceW":82,"sourceH":122},
"res_87_png":{"x":1,"y":1,"w":82,"h":97,"offX":0,"offY":25,"sourceW":82,"sourceH":122}}}