{"mc":{
	"0":{
		"frameRate":9,
		"labels":[
			{"name":"0","frame":1,"end":22}
			
			],
		"events":[
			
			],
		"frames":[
			
			{
			"res":"idle_1",
			"x":-149,
			"y":-4
			},
			{
			"res":"idle_2",
			"x":-147,
			"y":-3
			},
			{
			"res":"idle_3",
			"x":-150,
			"y":-1
			},
			{
			"res":"idle_4",
			"x":-148,
			"y":2
			},
			{
			"res":"idle_5",
			"x":-150,
			"y":6
			},
			{
			"res":"idle_6",
			"x":-155,
			"y":11
			},
			{
			"res":"idle_7",
			"x":-159,
			"y":17
			},
			{
			"res":"idle_8",
			"x":-166,
			"y":24
			},
			{
			"res":"idle_9",
			"x":-171,
			"y":30
			},
			{
			"res":"idle_10",
			"x":-172,
			"y":31
			},
			{
			"res":"idle_11",
			"x":-174,
			"y":32
			},
			{
			"res":"idle_12",
			"x":-173,
			"y":33
			},
			{
			"res":"idle_13",
			"x":-166,
			"y":34
			},
			{
			"res":"idle_14",
			"x":-160,
			"y":35
			},
			{
			"res":"idle_15",
			"x":-153,
			"y":35
			},
			{
			"res":"idle_16",
			"x":-147,
			"y":35
			},
			{
			"res":"idle_17",
			"x":-145,
			"y":35
			},
			{
			"res":"idle_18",
			"x":-144,
			"y":35
			},
			{
			"res":"idle_19",
			"x":-142,
			"y":35
			},
			{
			"res":"idle_20",
			"x":-142,
			"y":35
			},
			{
			"res":"idle_21",
			"x":-143,
			"y":34
			},
			{
			"res":"idle_22",
			"x":-150,
			"y":33
			}
			]
}},
	"res":{
		"idle_14":{"x":419,"y":572,"w":394,"h":267},
		"idle_21":{"x":1664,"y":0,"w":379,"h":268},
		"idle_1":{"x":0,"y":0,"w":416,"h":307},
		"idle_11":{"x":1248,"y":297,"w":418,"h":271},
		"idle_6":{"x":0,"y":613,"w":419,"h":293},
		"idle_13":{"x":416,"y":304,"w":400,"h":268},
		"idle_22":{"x":420,"y":839,"w":386,"h":269},
		"idle_8":{"x":0,"y":1193,"w":424,"h":280},
		"idle_2":{"x":0,"y":307,"w":414,"h":306},
		"idle_10":{"x":0,"y":1746,"w":421,"h":272},
		"idle_16":{"x":1666,"y":268,"w":380,"h":267},
		"idle_5":{"x":1248,"y":0,"w":416,"h":297},
		"idle_12":{"x":833,"y":301,"w":411,"h":269},
		"idle_15":{"x":424,"y":1108,"w":386,"h":267},
		"idle_9":{"x":0,"y":1473,"w":425,"h":273},
		"idle_3":{"x":416,"y":0,"w":417,"h":304},
		"idle_17":{"x":425,"y":1375,"w":379,"h":267},
		"idle_19":{"x":1244,"y":568,"w":377,"h":267},
		"idle_7":{"x":0,"y":906,"w":420,"h":287},
		"idle_20":{"x":425,"y":1642,"w":378,"h":267},
		"idle_4":{"x":833,"y":0,"w":415,"h":301},
		"idle_18":{"x":1666,"y":535,"w":378,"h":267}
	}}