{"mc":{
	"0":{
		"frameRate":12,
		"labels":[
			{"name":"0","frame":1,"end":16}
			
			],
		"events":[
			
			],
		"frames":[
			{
			"res":"run_gallop01_1",
			"x":-253,
			"y":-49
			},
			{
			"res":"run_gallop01_2",
			"x":-251,
			"y":-52
			},
			{
			"res":"run_gallop01_3",
			"x":-246,
			"y":-53
			},
			{
			"res":"run_gallop01_4",
			"x":-238,
			"y":-51
			},
			{
			"res":"run_gallop01_5",
			"x":-233,
			"y":-46
			},
			{
			"res":"run_gallop01_6",
			"x":-237,
			"y":-38
			},
			{
			"res":"run_gallop01_7",
			"x":-244,
			"y":-29
			},
			{
			"res":"run_gallop01_8",
			"x":-246,
			"y":-23
			},
			{
			"res":"run_gallop01_9",
			"x":-247,
			"y":-22
			},
			{
			"res":"run_gallop01_10",
			"x":-247,
			"y":-22
			},
			{
			"res":"run_gallop01_11",
			"x":-241,
			"y":-24
			},
			{
			"res":"run_gallop01_12",
			"x":-237,
			"y":-27
			},
			{
			"res":"run_gallop01_13",
			"x":-237,
			"y":-45
			},
			{
			"res":"run_gallop01_14",
			"x":-245,
			"y":-55
			},
			{
			"res":"run_gallop01_15",
			"x":-251,
			"y":-51
			},
			{
			"res":"run_gallop01_16",
			"x":-252,
			"y":-47
			}
			]
}},
	"res":{
		"run_gallop01_11":{"x":1023,"y":656,"w":511,"h":320},
		"run_gallop01_1":{"x":513,"y":1326,"w":514,"h":321},
		"run_start01_2":{"x":1562,"y":0,"w":459,"h":338},
		"run_gallop01_5":{"x":523,"y":667,"w":494,"h":335},
		"run_gallop01_4":{"x":1028,"y":321,"w":498,"h":335},
		"run_gallop01_13":{"x":0,"y":349,"w":505,"h":342},
		"run_gallop01_7":{"x":523,"y":1002,"w":510,"h":324},
		"run_start01_4":{"x":1534,"y":338,"w":433,"h":348},
		"run_gallop01_6":{"x":1033,"y":976,"w":501,"h":325},
		"run_gallop01_3":{"x":0,"y":1348,"w":506,"h":332},
		"run_gallop01_9":{"x":0,"y":691,"w":523,"h":327},
		"run_start01_1":{"x":1021,"y":1653,"w":449,"h":338},
		"run_gallop01_8":{"x":0,"y":1018,"w":513,"h":330},
		"run_gallop01_10":{"x":1028,"y":0,"w":534,"h":321},
		"run_gallop01_15":{"x":512,"y":0,"w":516,"h":341},
		"run_gallop01_16":{"x":0,"y":1680,"w":515,"h":326},
		"run_gallop01_14":{"x":0,"y":0,"w":512,"h":349},
		"run_gallop01_12":{"x":515,"y":1647,"w":506,"h":325},
		"run_start01_3":{"x":1033,"y":1301,"w":438,"h":352},
		"run_gallop01_2":{"x":512,"y":341,"w":511,"h":326}
	}}