{"mc":{
	"0":{
		"frameRate":9,
		"labels":[
			{"name":"0","frame":1,"end":21}
			
			],
		"events":[
			
			],
		"frames":[
			
			{
			"res":"idle_45",
			"x":-155,
			"y":30
			},
			{
			"res":"idle_46",
			"x":-151,
			"y":30
			},
			{
			"res":"idle_47",
			"x":-143,
			"y":29
			},
			{
			"res":"idle_48",
			"x":-138,
			"y":29
			},
			{
			"res":"idle_49",
			"x":-137,
			"y":28
			},
			{
			"res":"idle_50",
			"x":-137,
			"y":27
			},
			{
			"res":"idle_51",
			"x":-138,
			"y":26
			},
			{
			"res":"idle_52",
			"x":-142,
			"y":23
			},
			{
			"res":"idle_53",
			"x":-147,
			"y":17
			},
			{
			"res":"idle_54",
			"x":-152,
			"y":16
			},
			{
			"res":"idle_55",
			"x":-157,
			"y":25
			},
			{
			"res":"idle_56",
			"x":-161,
			"y":24
			},
			{
			"res":"idle_57",
			"x":-166,
			"y":3
			},
			{
			"res":"idle_58",
			"x":-172,
			"y":-8
			},
			{
			"res":"idle_59",
			"x":-176,
			"y":-11
			},
			{
			"res":"idle_60",
			"x":-175,
			"y":-11
			},
			{
			"res":"idle_61",
			"x":-170,
			"y":-8
			},
			{
			"res":"idle_62",
			"x":-162,
			"y":-6
			},
			{
			"res":"idle_63",
			"x":-157,
			"y":-4
			},
			{
			"res":"idle_64",
			"x":-154,
			"y":-4
			},
			{
			"res":"idle_65",
			"x":-152,
			"y":-5
			}
			]
}},
	"res":{
		"idle_48":{"x":1296,"y":582,"w":387,"h":274},
		"idle_51":{"x":430,"y":1704,"w":388,"h":277},
		"idle_65":{"x":0,"y":1246,"w":419,"h":308},
		"idle_61":{"x":0,"y":628,"w":439,"h":311},
		"idle_62":{"x":884,"y":0,"w":429,"h":308},
		"idle_55":{"x":439,"y":879,"w":398,"h":279},
		"idle_57":{"x":0,"y":1554,"w":430,"h":300},
		"idle_50":{"x":837,"y":1150,"w":385,"h":275},
		"idle_63":{"x":0,"y":939,"w":423,"h":307},
		"idle_64":{"x":1313,"y":0,"w":421,"h":307},
		"idle_45":{"x":423,"y":1158,"w":400,"h":273},
		"idle_47":{"x":858,"y":876,"w":391,"h":274},
		"idle_60":{"x":0,"y":0,"w":446,"h":314},
		"idle_49":{"x":1313,"y":307,"w":386,"h":275},
		"idle_56":{"x":445,"y":600,"w":413,"h":279},
		"idle_46":{"x":430,"y":1431,"w":398,"h":273},
		"idle_54":{"x":884,"y":308,"w":412,"h":287},
		"idle_59":{"x":0,"y":314,"w":445,"h":314},
		"idle_52":{"x":858,"y":595,"w":398,"h":281},
		"idle_53":{"x":446,"y":312,"w":408,"h":288},
		"idle_58":{"x":446,"y":0,"w":438,"h":312}
	}}