{"file":"new_ui_merge.png","frames":{
"new_ui_12_png":{"x":1,"y":1,"w":383,"h":487,"offX":1,"offY":0,"sourceW":384,"sourceH":488},
"new_ui_13_png":{"x":386,"y":1,"w":238,"h":325,"offX":1,"offY":0,"sourceW":239,"sourceH":326},
"new_ui_02_png":{"x":248,"y":506,"w":214,"h":162,"offX":1,"offY":1,"sourceW":216,"sourceH":164},
"new_ui_03_png":{"x":386,"y":328,"w":285,"h":176,"offX":0,"offY":1,"sourceW":286,"sourceH":177},
"new_ui_04_02_png":{"x":545,"y":680,"w":77,"h":81,"offX":4,"offY":3,"sourceW":84,"sourceH":84},
"new_ui_04_01_png":{"x":545,"y":597,"w":77,"h":81,"offX":4,"offY":3,"sourceW":84,"sourceH":84},
"new_ui_05_png":{"x":464,"y":506,"w":81,"h":88,"offX":3,"offY":2,"sourceW":88,"sourceH":90},
"new_ui_06_02_png":{"x":715,"y":212,"w":84,"h":80,"offX":0,"offY":2,"sourceW":84,"sourceH":84},
"new_ui_06_01_png":{"x":673,"y":300,"w":84,"h":80,"offX":0,"offY":2,"sourceW":84,"sourceH":84},
"new_ui_07_png":{"x":547,"y":506,"w":79,"h":89,"offX":4,"offY":1,"sourceW":88,"sourceH":90},
"new_ui_08_png":{"x":626,"y":212,"w":87,"h":86,"offX":1,"offY":4,"sourceW":88,"sourceH":90},
"new_ui_09_02_png":{"x":464,"y":596,"w":79,"h":83,"offX":3,"offY":1,"sourceW":84,"sourceH":84},
"new_ui_09_01_png":{"x":628,"y":588,"w":79,"h":83,"offX":3,"offY":1,"sourceW":84,"sourceH":84},
"new_ui_10_02_png":{"x":628,"y":506,"w":84,"h":80,"offX":0,"offY":4,"sourceW":84,"sourceH":84},
"new_ui_10_01_png":{"x":673,"y":382,"w":84,"h":80,"offX":0,"offY":4,"sourceW":84,"sourceH":84},
"new_ui_11_png":{"x":626,"y":1,"w":223,"h":209,"offX":1,"offY":0,"sourceW":224,"sourceH":209},
"new_ui_14_png":{"x":1,"y":490,"w":245,"h":178,"offX":0,"offY":0,"sourceW":245,"sourceH":178},
"new_ui_16_png":{"x":545,"y":763,"w":35,"h":38,"offX":0,"offY":0,"sourceW":35,"sourceH":38},
"new_ui_17_png":{"x":673,"y":464,"w":33,"h":35,"offX":2,"offY":3,"sourceW":35,"sourceH":38},
"new_ui_18_png":{"x":708,"y":464,"w":33,"h":33,"offX":2,"offY":5,"sourceW":35,"sourceH":38}}}