{
	"groups": [
		{
			"keys": "",
			"name": "preload"
		},
		{
			"keys": "red_png,mini_res_json,fighting_vs_png,rank_merge_json,shop_bg_png,shopAndBag_json,mask_layer_png,shop_bg_1_png,shop_bg_2_png,shop_bg_3_png,btn_type1_1_png,btn_type2_2_png,bag_bg_1_png,bag_bg_2_png,normal_btn_1_png,normal_btn_2_png,checkbox_select_disabled_png,checkbox_select_down_png,checkbox_select_up_png,checkbox_unselect_png,selected_png,border_png,header_png,radiobutton_select_disabled_png,radiobutton_select_down_png,radiobutton_select_up_png,radiobutton_unselect_png,roundthumb_png,thumb_png,track_png,tracklight_png,handle_png,off_png,on_png,button_down_png,button_up_png,thumb_pb_png,track_pb_png,track_sb_png,egret_icon_png,description_json,topmask_png,sBJButton_mp3,bg_ppt_1_png,friend_pvp_png,match_pvp_png,noround_pve_png,loading01_png,loading02_png,boom_mp3,btnPress_mp3,die_mp3,eatProp_mp3,failure_mp3,mainmenu_mp3,playBomb_mp3,success_mp3,new_ui_merge_json,barr_ball_png,direct_png,direct_02_png,barr_background_bg_png,barr_title_bg_png,barr_value_bg_png,barr_nopass_start_png,barr_pass_start_png,question_01_png,question_02_png,item_merge_json,sevent_day_get_json,role_info_bg_png,role_select_bg_png,role_select_down_png,role_select_ground_png,role_select_item_bg_png,role_select_p1_png,role_select_p2_png,role_select_pick_png,role_select_right_bg_png,role_select_pay_01_png,role_select_pay_02_png,btn_diy_map_png,btn_random_map_png,vs_bg_1v1_png,vs_head_1v1_png,vs_mask_1v1_png,vs_randon_1v1_png,vs_kuang_1v1_png,btn_invalid_01_png,btn_invalid_02_png,role_select_p3_png,p1_special_json,p1_special_png,p2_special_json,p2_special_png,p3_special_json,p3_special_png,role_select_bg2_png,role_select_bg3_png,res_json,guide_01_png,guide_02_png,guide_03_png,guide_04_png,guide_mask_png,guide_point_png,LvRewardGet_json,main_setting_bg_png,settting_close_music_png,settting_open_music_png,view_history_bg_png,view_history_title_png,blue_star_png,barr_lock_png,left_page_png,right_page_png,btn_close_blue_01_png,btn_close_blue_02_png,role_select_p4_png,p4_special_json,p4_special_png,notify_bg_png,mini_tv_png,hall_cloud_png,guild_map_01_png,guild_map_02_png,guild_map_03_png,guild_map_04_png,guild_map_05_png,guild_map_06_png,pvp_anim_btn_json,pvp_anim_btn_png,wx_pvp_btn_json,wx_pvp_btn_png,skill_json,default_head_png,guide_showtip_png,guide_point_down_png,item_merge_2_json,role_select_bg4_png,main_setting_logout_png,red_tv_png,gonggao_01_png,gonggao_02_png,new_ui_01_jpg,leftbar_di_png,horse_page1_home_json,horse_home_page2_jpg,horse_page2_home_json,horse_merge_page2_jpg,horse_page2_merge_json,right_horse_png,left_horse_png,get_horse_png,horse_page2_result_json,black_mask_png,horse_page3_training_json,stand_horse_png,horse_sfx_after_eat_wav,horse_step_on_grass_3_wav,horse_playToEarn_page4_jpg,bar_list_CT_png,bar_list_P_png,bar_list_RE_png,select4_s_png,horse_page4_task_json,bar_info_di_24_png,pic_info_di_png,select5_s_png,select8_s_png,horse_market_page5_jpg,market_ticket_png,horse_page5_market_json,horse01_body_png,horse02_body_png,horse03_body_png,horse04_body_png,horse05_body_png,horse06_body_png,horse07_body_png,horse08_body_png,horse09_body_png,horse10_body_png,horse01_idle_01_json,horse01_idle_01_png,horse01_idle_02_json,horse01_idle_02_png,horse01_idle_03_json,horse01_idle_03_png,horse02_idle_01_json,horse02_idle_01_png,horse02_idle_02_json,horse02_idle_02_png,horse02_idle_03_json,horse02_idle_03_png,horse03_idle_01_json,horse03_idle_01_png,horse03_idle_02_json,horse03_idle_02_png,horse03_idle_03_json,horse03_idle_03_png,horse04_idle_01_json,horse04_idle_01_png,horse04_idle_02_json,horse04_idle_02_png,horse04_idle_03_json,horse04_idle_03_png,horse05_idle_01_json,horse05_idle_01_png,horse05_idle_02_json,horse05_idle_02_png,horse05_idle_03_json,horse05_idle_03_png,horse06_idle_01_json,horse06_idle_01_png,horse06_idle_02_json,horse06_idle_02_png,horse06_idle_03_json,horse06_idle_03_png,horse07_idle_01_json,horse07_idle_01_png,horse07_idle_02_json,horse07_idle_02_png,horse07_idle_03_json,horse07_idle_03_png,horse08_idle_01_json,horse08_idle_01_png,horse08_idle_02_json,horse08_idle_02_png,horse08_idle_03_json,horse08_idle_03_png,horse09_idle_01_json,horse09_idle_01_png,horse09_idle_02_json,horse09_idle_03_json,horse09_idle_02_png,horse09_idle_03_png,horse10_idle_01_json,horse10_idle_01_png,horse10_idle_02_json,horse10_idle_02_png,horse10_idle_03_json,horse10_idle_03_png,horse01_run01_json,horse01_run01_png",
			"name": "preloadHall"
		},
		{
			"keys": "map_res_icon_json,fighting_kuang_png,btn_chao_01_png,btn_chao_02_png,p1_01_json,p1_01_png,p1_02_json,p1_02_png,p1_03_json,p1_03_png,p2_01_json,p2_01_png,p2_02_json,p2_02_png,p2_03_json,p2_03_png,paopao_json,paopao_png,baozha_last_anim_json,baozha_last_anim_png,baozha_zhong_anim_json,baozha_zhong_anim_png,baozha_jie_png,boom_01_png,boom_02_png,controler_bg_png,controler_hit_png,p1_04_json,p1_04_png,p2_04_json,p2_04_png,SpeedNet_json,SpeedNet_png,fighting_result_png,backhall_01_png,backhall_02_png,replay_01_png,replay_02_png,share_01_png,share_02_png,win_png,fail_png,digital_1_json,digital_2_json,rank_png,normal_bg_1_png,match_art_lb_png,name_bg_png,quit_pass_01_png,quit_pass_02_png,map_res2_icon_json,p1_static_02_json,p1_static_02_png,p1_static_03_json,p1_static_03_png,p1_static_04_json,p1_static_04_png,p2_static_02_json,p2_static_02_png,p2_static_03_json,p2_static_03_png,p2_static_04_json,p2_static_04_png,p3_static_02_json,p3_static_02_png,p3_static_03_json,p3_static_03_png,p3_static_04_json,p3_static_04_png,p3_01_json,p3_01_png,p3_02_json,p3_02_png,p3_03_json,p3_03_png,p3_04_json,p3_04_png,p1_static_json,p1_static_png,p2_static_json,p2_static_png,p3_static_json,p3_static_png,next_barr_01_png,next_barr_02_png,p4_01_json,p4_01_png,p4_02_json,p4_02_png,p4_03_json,p4_03_png,p4_04_json,p4_04_png,p4_static_json,p4_static_png,p4_static_02_json,p4_static_02_png,p4_static_03_json,p4_static_03_png,p4_static_04_json,p4_static_04_png,take_chicken_json,take_chicken_png,take_dog_json,take_dog_png,paopao_watermelon_json,paopao_watermelon_png,paopao_doughnut_json,paopao_doughnut_png,paopao_ice_json,paopao_ice_png,paopao_mars_json,paopao_mars_png,paopao_volleyball_json,paopao_volleyball_png,match_exit_01_png,match_exit_02_png,match_success_png,map_res3_icon_json,pai1_01_json,pai1_01_png,pai1_02_json,pai1_02_png,pai1_03_json,pai1_03_png,pai1_04_json,pai1_04_png,pai2_01_json,pai2_01_png,pai2_02_json,pai2_02_png,pai2_03_json,pai2_03_png,pai2_04_json,pai2_04_png,pai3_01_json,pai3_01_png,pai3_02_json,pai3_02_png,pai3_03_json,pai3_03_png,pai3_04_json,pai3_04_png,pai4_01_json,pai4_01_png,pai4_02_json,pai4_02_png,pai4_03_json,pai4_03_png,pai4_04_json,pai4_04_png",
			"name": "fighting"
		},
		{
			"keys": "diy_bg_png,diy_add_big_item_png,diy_1p_png,diy_2p_png,map_rank_normal_png,map_rank_select_png,map_rank_name_bg_png,normal_bg_2_png,mymap_1_png,mymap_2_png,add_my_map_png,like_kuang_bg_png,fighting_lb_png,map_rank_01_png,map_rank_02_png,mini_rank_like_png",
			"name": "diymap"
		},
		{
			"keys": "weixin_login_png,nft_tokensOfOwner_json,maincoin_transfer_json,maincoin_balanceOf_json,maincoin_transferFrom_json,maincoin_increaseApproval_json,login_bg_jpg",
			"name": "pre_preload"
		}
	],
	"resources": [
		{
			"url": "assets/CheckBox/checkbox_select_disabled.png",
			"type": "image",
			"name": "checkbox_select_disabled_png"
		},
		{
			"url": "assets/CheckBox/checkbox_select_down.png",
			"type": "image",
			"name": "checkbox_select_down_png"
		},
		{
			"url": "assets/CheckBox/checkbox_select_up.png",
			"type": "image",
			"name": "checkbox_select_up_png"
		},
		{
			"url": "assets/CheckBox/checkbox_unselect.png",
			"type": "image",
			"name": "checkbox_unselect_png"
		},
		{
			"url": "assets/ItemRenderer/selected.png",
			"type": "image",
			"name": "selected_png"
		},
		{
			"url": "assets/Panel/border.png",
			"type": "image",
			"name": "border_png"
		},
		{
			"url": "assets/Panel/header.png",
			"type": "image",
			"name": "header_png"
		},
		{
			"url": "assets/RadioButton/radiobutton_select_disabled.png",
			"type": "image",
			"name": "radiobutton_select_disabled_png"
		},
		{
			"url": "assets/RadioButton/radiobutton_select_down.png",
			"type": "image",
			"name": "radiobutton_select_down_png"
		},
		{
			"url": "assets/RadioButton/radiobutton_select_up.png",
			"type": "image",
			"name": "radiobutton_select_up_png"
		},
		{
			"url": "assets/RadioButton/radiobutton_unselect.png",
			"type": "image",
			"name": "radiobutton_unselect_png"
		},
		{
			"url": "assets/ScrollBar/roundthumb.png",
			"type": "image",
			"name": "roundthumb_png"
		},
		{
			"url": "assets/Slider/thumb.png",
			"type": "image",
			"name": "thumb_png"
		},
		{
			"url": "assets/Slider/track.png",
			"type": "image",
			"name": "track_png"
		},
		{
			"url": "assets/Slider/tracklight.png",
			"type": "image",
			"name": "tracklight_png"
		},
		{
			"url": "assets/ToggleSwitch/handle.png",
			"type": "image",
			"name": "handle_png"
		},
		{
			"url": "assets/ToggleSwitch/off.png",
			"type": "image",
			"name": "off_png"
		},
		{
			"url": "assets/ToggleSwitch/on.png",
			"type": "image",
			"name": "on_png"
		},
		{
			"url": "assets/Button/button_down.png",
			"type": "image",
			"name": "button_down_png"
		},
		{
			"url": "assets/Button/button_up.png",
			"type": "image",
			"name": "button_up_png"
		},
		{
			"url": "assets/ProgressBar/thumb_pb.png",
			"type": "image",
			"name": "thumb_pb_png"
		},
		{
			"url": "assets/ProgressBar/track_pb.png",
			"type": "image",
			"name": "track_pb_png"
		},
		{
			"url": "assets/ScrollBar/track_sb.png",
			"type": "image",
			"name": "track_sb_png"
		},
		{
			"url": "assets/egret_icon.png",
			"type": "image",
			"name": "egret_icon_png"
		},
		{
			"url": "config/description.json",
			"type": "json",
			"name": "description_json"
		},
		{
			"url": "assets/UserSkin/topmask.png",
			"type": "image",
			"name": "topmask_png"
		},
		{
			"url": "sound/sBJButton.mp3",
			"type": "sound",
			"name": "sBJButton_mp3"
		},
		{
			"url": "assets/UserSkin/red.png",
			"type": "image",
			"name": "red_png"
		},
		{
			"url": "assets/UserSkin/ppt/bg/bg_ppt_1.png",
			"type": "image",
			"name": "bg_ppt_1_png"
		},
		{
			"url": "assets/UserSkin/ppt/icon/friend_pvp.png",
			"type": "image",
			"name": "friend_pvp_png"
		},
		{
			"url": "assets/UserSkin/ppt/icon/match_pvp.png",
			"type": "image",
			"name": "match_pvp_png"
		},
		{
			"url": "assets/UserSkin/ppt/icon/noround_pve.png",
			"type": "image",
			"name": "noround_pve_png"
		},
		{
			"url": "assets/UserSkin/ppt/icon/map_res_icon.json",
			"type": "sheet",
			"name": "map_res_icon_json",
			"subkeys": "res_10_png,res_11_png,res_12_png,res_13_png,res_14_png,res_15_png,res_16_png,res_17_png,res_18_png,res_19_png,res_1_png,res_20_png,res_21_png,res_22_png,res_23_png,res_24_png,res_25_png,res_26_png,res_27_png,res_28_png,res_29_png,res_2_png,res_30_png,res_3_png,res_4_png,res_5_png,res_6_png,res_7_png,res_8_png,res_9_png"
		},
		{
			"url": "assets/UserSkin/ppt/bg/fighting_kuang.png",
			"type": "image",
			"name": "fighting_kuang_png"
		},
		{
			"url": "assets/UserSkin/ppt/icon/loading01.png",
			"type": "image",
			"name": "loading01_png"
		},
		{
			"url": "assets/UserSkin/ppt/icon/loading02.png",
			"type": "image",
			"name": "loading02_png"
		},
		{
			"url": "assets/UserSkin/ppt/icon/mini_res.json",
			"type": "sheet",
			"name": "mini_res_json",
			"subkeys": "mini_boom,mini_coin,mini_head,mini_heart,mini_info,mini_jinyantiao,mini_jinyantiaobg,mini_own,mini_speed,mini_weili,mini_zuanshi,pass_door"
		},
		{
			"url": "assets/UserSkin/ppt/btn/btn_chao_01.png",
			"type": "image",
			"name": "btn_chao_01_png"
		},
		{
			"url": "assets/UserSkin/ppt/btn/btn_chao_02.png",
			"type": "image",
			"name": "btn_chao_02_png"
		},
		{
			"url": "assets/UserSkin/ppt/role/p1_01.json",
			"type": "json",
			"name": "p1_01_json"
		},
		{
			"url": "assets/UserSkin/ppt/role/p1_01.png",
			"type": "image",
			"name": "p1_01_png"
		},
		{
			"url": "assets/UserSkin/ppt/role/p1_02.json",
			"type": "json",
			"name": "p1_02_json"
		},
		{
			"url": "assets/UserSkin/ppt/role/p1_02.png",
			"type": "image",
			"name": "p1_02_png"
		},
		{
			"url": "assets/UserSkin/ppt/role/p1_03.json",
			"type": "json",
			"name": "p1_03_json"
		},
		{
			"url": "assets/UserSkin/ppt/role/p1_03.png",
			"type": "image",
			"name": "p1_03_png"
		},
		{
			"url": "assets/UserSkin/ppt/role/p2_01.json",
			"type": "json",
			"name": "p2_01_json"
		},
		{
			"url": "assets/UserSkin/ppt/role/p2_01.png",
			"type": "image",
			"name": "p2_01_png"
		},
		{
			"url": "assets/UserSkin/ppt/role/p2_02.json",
			"type": "json",
			"name": "p2_02_json"
		},
		{
			"url": "assets/UserSkin/ppt/role/p2_02.png",
			"type": "image",
			"name": "p2_02_png"
		},
		{
			"url": "assets/UserSkin/ppt/role/p2_03.json",
			"type": "json",
			"name": "p2_03_json"
		},
		{
			"url": "assets/UserSkin/ppt/role/p2_03.png",
			"type": "image",
			"name": "p2_03_png"
		},
		{
			"url": "assets/UserSkin/ppt/role/paopao.json",
			"type": "json",
			"name": "paopao_json"
		},
		{
			"url": "assets/UserSkin/ppt/role/paopao.png",
			"type": "image",
			"name": "paopao_png"
		},
		{
			"url": "assets/UserSkin/ppt/role/baozha_last_anim.json",
			"type": "json",
			"name": "baozha_last_anim_json"
		},
		{
			"url": "assets/UserSkin/ppt/role/baozha_last_anim.png",
			"type": "image",
			"name": "baozha_last_anim_png"
		},
		{
			"url": "assets/UserSkin/ppt/role/baozha_zhong_anim.json",
			"type": "json",
			"name": "baozha_zhong_anim_json"
		},
		{
			"url": "assets/UserSkin/ppt/role/baozha_zhong_anim.png",
			"type": "image",
			"name": "baozha_zhong_anim_png"
		},
		{
			"url": "assets/UserSkin/ppt/role/baozha_jie.png",
			"type": "image",
			"name": "baozha_jie_png"
		},
		{
			"url": "assets/UserSkin/ppt/btn/boom_01.png",
			"type": "image",
			"name": "boom_01_png"
		},
		{
			"url": "assets/UserSkin/ppt/btn/boom_02.png",
			"type": "image",
			"name": "boom_02_png"
		},
		{
			"url": "assets/UserSkin/ppt/btn/controler_bg.png",
			"type": "image",
			"name": "controler_bg_png"
		},
		{
			"url": "assets/UserSkin/ppt/btn/controler_hit.png",
			"type": "image",
			"name": "controler_hit_png"
		},
		{
			"url": "assets/UserSkin/ppt/role/p1_04.json",
			"type": "json",
			"name": "p1_04_json"
		},
		{
			"url": "assets/UserSkin/ppt/role/p1_04.png",
			"type": "image",
			"name": "p1_04_png"
		},
		{
			"url": "assets/UserSkin/ppt/role/p2_04.json",
			"type": "json",
			"name": "p2_04_json"
		},
		{
			"url": "assets/UserSkin/ppt/role/p2_04.png",
			"type": "image",
			"name": "p2_04_png"
		},
		{
			"url": "assets/UserSkin/ppt/bg/fighting_vs.png",
			"type": "image",
			"name": "fighting_vs_png"
		},
		{
			"url": "assets/UserSkin/ppt/role/SpeedNet.json",
			"type": "json",
			"name": "SpeedNet_json"
		},
		{
			"url": "assets/UserSkin/ppt/role/SpeedNet.png",
			"type": "image",
			"name": "SpeedNet_png"
		},
		{
			"url": "assets/UserSkin/ppt/bg/fighting_result.png",
			"type": "image",
			"name": "fighting_result_png"
		},
		{
			"url": "assets/UserSkin/ppt/btn/backhall_01.png",
			"type": "image",
			"name": "backhall_01_png"
		},
		{
			"url": "assets/UserSkin/ppt/btn/backhall_02.png",
			"type": "image",
			"name": "backhall_02_png"
		},
		{
			"url": "assets/UserSkin/ppt/btn/replay_01.png",
			"type": "image",
			"name": "replay_01_png"
		},
		{
			"url": "assets/UserSkin/ppt/btn/replay_02.png",
			"type": "image",
			"name": "replay_02_png"
		},
		{
			"url": "assets/UserSkin/ppt/btn/share_01.png",
			"type": "image",
			"name": "share_01_png"
		},
		{
			"url": "assets/UserSkin/ppt/btn/share_02.png",
			"type": "image",
			"name": "share_02_png"
		},
		{
			"url": "assets/UserSkin/ppt/icon/win.png",
			"type": "image",
			"name": "win_png"
		},
		{
			"url": "assets/UserSkin/ppt/icon/fail.png",
			"type": "image",
			"name": "fail_png"
		},
		{
			"url": "assets/UserSkin/ppt/digital/digital_1.json",
			"type": "sheet",
			"name": "digital_1_json",
			"subkeys": "+,0,1,2,3,4,5,6,7,8,9"
		},
		{
			"url": "assets/UserSkin/ppt/digital/digital_2.json",
			"type": "sheet",
			"name": "digital_2_json",
			"subkeys": "+,0,1,2,3,4,5,6,7,8,9"
		},
		{
			"url": "assets/UserSkin/ppt/icon/rank.png",
			"type": "image",
			"name": "rank_png"
		},
		{
			"url": "assets/UserSkin/ppt/bg/normal_bg_1.png",
			"type": "image",
			"name": "normal_bg_1_png"
		},
		{
			"url": "assets/UserSkin/ppt/bg/diy_bg.png",
			"type": "image",
			"name": "diy_bg_png"
		},
		{
			"url": "assets/UserSkin/ppt/icon/rank_merge.json",
			"type": "sheet",
			"name": "rank_merge_json",
			"subkeys": "diy_add_item_png,diy_btn_xia_01_png,diy_btn_xia_02_png,diy_item_bg_png,diy_page_not_png,diy_page_yes_png,diy_select_kuan_png,diy_xiala_bg_png,rank_data_mine_png,rank_data_normal_png,rank_select_01_png,rank_select_02_png,rank_title_l_png,rank_title_lb_png,rank_title_r_png"
		},
		{
			"url": "assets/UserSkin/ppt/icon/diy_add_big_item.png",
			"type": "image",
			"name": "diy_add_big_item_png"
		},
		{
			"url": "assets/UserSkin/ppt/icon/diy_1p.png",
			"type": "image",
			"name": "diy_1p_png"
		},
		{
			"url": "assets/UserSkin/ppt/icon/diy_2p.png",
			"type": "image",
			"name": "diy_2p_png"
		},
		{
			"url": "assets/UserSkin/ppt/bg/shop_bg.png",
			"type": "image",
			"name": "shop_bg_png"
		},
		{
			"url": "assets/UserSkin/ppt/icon/shopAndBag.json",
			"type": "sheet",
			"name": "shopAndBag_json",
			"subkeys": "bag_item_not_png,bag_item_yes_png,btn_yellow_1_png,btn_yellow_2_png,shop_banner_png,shop_item_not_png,shop_item_yes_png,shop_page_not_png,shop_page_yes_png"
		},
		{
			"url": "assets/UserSkin/ppt/bg/mask_layer.png",
			"type": "image",
			"name": "mask_layer_png"
		},
		{
			"url": "assets/UserSkin/ppt/bg/shop_bg_1.png",
			"type": "image",
			"name": "shop_bg_1_png"
		},
		{
			"url": "assets/UserSkin/ppt/bg/shop_bg_2.png",
			"type": "image",
			"name": "shop_bg_2_png"
		},
		{
			"url": "assets/UserSkin/ppt/bg/shop_bg_3.png",
			"type": "image",
			"name": "shop_bg_3_png"
		},
		{
			"url": "assets/UserSkin/ppt/btn/btn_type1_1.png",
			"type": "image",
			"name": "btn_type1_1_png"
		},
		{
			"url": "assets/UserSkin/ppt/btn/btn_type2_2.png",
			"type": "image",
			"name": "btn_type2_2_png"
		},
		{
			"url": "assets/UserSkin/ppt/bg/bag_bg_1.png",
			"type": "image",
			"name": "bag_bg_1_png"
		},
		{
			"url": "assets/UserSkin/ppt/bg/bag_bg_2.png",
			"type": "image",
			"name": "bag_bg_2_png"
		},
		{
			"url": "assets/UserSkin/ppt/icon/match_art_lb.png",
			"type": "image",
			"name": "match_art_lb_png"
		},
		{
			"url": "assets/UserSkin/ppt/bg/map_rank_normal.png",
			"type": "image",
			"name": "map_rank_normal_png"
		},
		{
			"url": "assets/UserSkin/ppt/bg/map_rank_select.png",
			"type": "image",
			"name": "map_rank_select_png"
		},
		{
			"url": "assets/UserSkin/ppt/bg/map_rank_name_bg.png",
			"type": "image",
			"name": "map_rank_name_bg_png"
		},
		{
			"url": "assets/UserSkin/ppt/bg/normal_bg_2.png",
			"type": "image",
			"name": "normal_bg_2_png"
		},
		{
			"url": "assets/UserSkin/ppt/btn/mymap_1.png",
			"type": "image",
			"name": "mymap_1_png"
		},
		{
			"url": "assets/UserSkin/ppt/btn/mymap_2.png",
			"type": "image",
			"name": "mymap_2_png"
		},
		{
			"url": "assets/UserSkin/ppt/btn/normal_btn_1.png",
			"type": "image",
			"name": "normal_btn_1_png"
		},
		{
			"url": "assets/UserSkin/ppt/btn/normal_btn_2.png",
			"type": "image",
			"name": "normal_btn_2_png"
		},
		{
			"url": "assets/UserSkin/ppt/bg/add_my_map.png",
			"type": "image",
			"name": "add_my_map_png"
		},
		{
			"url": "assets/UserSkin/ppt/bg/like_kuang_bg.png",
			"type": "image",
			"name": "like_kuang_bg_png"
		},
		{
			"url": "assets/UserSkin/ppt/icon/fighting_lb.png",
			"type": "image",
			"name": "fighting_lb_png"
		},
		{
			"url": "sound/boom.mp3",
			"type": "sound",
			"name": "boom_mp3"
		},
		{
			"url": "sound/btnPress.mp3",
			"type": "sound",
			"name": "btnPress_mp3"
		},
		{
			"url": "sound/die.mp3",
			"type": "sound",
			"name": "die_mp3"
		},
		{
			"url": "sound/eatProp.mp3",
			"type": "sound",
			"name": "eatProp_mp3"
		},
		{
			"url": "sound/failure.mp3",
			"type": "sound",
			"name": "failure_mp3"
		},
		{
			"url": "sound/mainmenu.mp3",
			"type": "sound",
			"name": "mainmenu_mp3"
		},
		{
			"url": "sound/playBomb.mp3",
			"type": "sound",
			"name": "playBomb_mp3"
		},
		{
			"url": "sound/success.mp3",
			"type": "sound",
			"name": "success_mp3"
		},
		{
			"url": "assets/UserSkin/ppt/btn/new_ui_merge.json",
			"type": "sheet",
			"name": "new_ui_merge_json",
			"subkeys": "new_ui_02_png,new_ui_03_png,new_ui_04_01_png,new_ui_04_02_png,new_ui_05_png,new_ui_06_01_png,new_ui_06_02_png,new_ui_07_png,new_ui_08_png,new_ui_09_01_png,new_ui_09_02_png,new_ui_10_01_png,new_ui_10_02_png,new_ui_11_png,new_ui_12_png,new_ui_13_png,new_ui_14_png,new_ui_16_png,new_ui_17_png,new_ui_18_png,new_ui_19_01_png,new_ui_19_02_png,new_ui_20_01_png,new_ui_20_02_png,new_ui_21_png,new_ui_get_reward_png"
		},
		{
			"url": "assets/UserSkin/ppt/icon/barr_ball.png",
			"type": "image",
			"name": "barr_ball_png"
		},
		{
			"url": "assets/UserSkin/ppt/btn/direct.png",
			"type": "image",
			"name": "direct_png"
		},
		{
			"url": "assets/UserSkin/ppt/btn/direct_02.png",
			"type": "image",
			"name": "direct_02_png"
		},
		{
			"url": "assets/UserSkin/ppt/bg/barr_background_bg.png",
			"type": "image",
			"name": "barr_background_bg_png"
		},
		{
			"url": "assets/UserSkin/ppt/bg/barr_title_bg.png",
			"type": "image",
			"name": "barr_title_bg_png"
		},
		{
			"url": "assets/UserSkin/ppt/bg/barr_value_bg.png",
			"type": "image",
			"name": "barr_value_bg_png"
		},
		{
			"url": "assets/UserSkin/ppt/icon/barr_nopass_start.png",
			"type": "image",
			"name": "barr_nopass_start_png"
		},
		{
			"url": "assets/UserSkin/ppt/icon/barr_pass_start.png",
			"type": "image",
			"name": "barr_pass_start_png"
		},
		{
			"url": "assets/UserSkin/ppt/btn/question_01.png",
			"type": "image",
			"name": "question_01_png"
		},
		{
			"url": "assets/UserSkin/ppt/btn/question_02.png",
			"type": "image",
			"name": "question_02_png"
		},
		{
			"url": "assets/UserSkin/ppt/icon/item_merge.json",
			"type": "sheet",
			"name": "item_merge_json",
			"subkeys": "active_02_png,active_03_png,box_01_png,box_02_png,box_03_png,bu_01_png,bu_02_png,bu_03_png,diamond_01_png,diamond_02_png,diamond_03_png,diy_key_01_png,diy_key_02_png,diy_key_03_png,exp_01_png,exp_02_png,exp_03_png,gift_01_png,gold_01_png,gold_02_png,gold_03_png,hp_01_png,hp_02_png,hp_03_png,map_design_png,po_01_png,po_02_png,po_03_png,rank_like_png,skill_chicken_card_png,skill_dog_card_png,sp_01_png,sp_02_png,sp_03_png,start_01_png,start_02_png"
		},
		{
			"url": "assets/UserSkin/ppt/bg/name_bg.png",
			"type": "image",
			"name": "name_bg_png"
		},
		{
			"url": "assets/UserSkin/ppt/btn/quit_pass_01.png",
			"type": "image",
			"name": "quit_pass_01_png"
		},
		{
			"url": "assets/UserSkin/ppt/btn/quit_pass_02.png",
			"type": "image",
			"name": "quit_pass_02_png"
		},
		{
			"url": "assets/UserSkin/ppt/icon/sevent_day_get.json",
			"type": "sheet",
			"name": "sevent_day_get_json",
			"subkeys": "sevent_bg_png,sevent_five_get_png,sevent_five_got_png,sevent_four_get_png,sevent_four_got_png,sevent_get_png,sevent_got_png,sevent_item_get_png,sevent_item_got_png,sevent_one_get_png,sevent_one_got_png,sevent_sevent_get_png,sevent_sevent_got_png,sevent_six_get_png,sevent_six_got_png,sevent_three_get_png,sevent_three_got_png,sevent_title_png,sevent_two_get_png,sevent_two_got_png"
		},
		{
			"url": "assets/UserSkin/ppt/bg/role_info_bg.png",
			"type": "image",
			"name": "role_info_bg_png"
		},
		{
			"url": "assets/UserSkin/ppt/role/p1_static.json",
			"type": "json",
			"name": "p1_static_json"
		},
		{
			"url": "assets/UserSkin/ppt/role/p1_static.png",
			"type": "image",
			"name": "p1_static_png"
		},
		{
			"url": "assets/UserSkin/ppt/role/select/role_select_bg.png",
			"type": "image",
			"name": "role_select_bg_png"
		},
		{
			"url": "assets/UserSkin/ppt/role/select/role_select_down.png",
			"type": "image",
			"name": "role_select_down_png"
		},
		{
			"url": "assets/UserSkin/ppt/role/select/role_select_ground.png",
			"type": "image",
			"name": "role_select_ground_png"
		},
		{
			"url": "assets/UserSkin/ppt/role/select/role_select_item_bg.png",
			"type": "image",
			"name": "role_select_item_bg_png"
		},
		{
			"url": "assets/UserSkin/ppt/role/select/role_select_p1.png",
			"type": "image",
			"name": "role_select_p1_png"
		},
		{
			"url": "assets/UserSkin/ppt/role/select/role_select_p2.png",
			"type": "image",
			"name": "role_select_p2_png"
		},
		{
			"url": "assets/UserSkin/ppt/role/select/role_select_pick.png",
			"type": "image",
			"name": "role_select_pick_png"
		},
		{
			"url": "assets/UserSkin/ppt/role/select/role_select_right_bg.png",
			"type": "image",
			"name": "role_select_right_bg_png"
		},
		{
			"url": "assets/UserSkin/ppt/role/select/role_select_pay_01.png",
			"type": "image",
			"name": "role_select_pay_01_png"
		},
		{
			"url": "assets/UserSkin/ppt/role/select/role_select_pay_02.png",
			"type": "image",
			"name": "role_select_pay_02_png"
		},
		{
			"url": "assets/UserSkin/ppt/btn/btn_diy_map.png",
			"type": "image",
			"name": "btn_diy_map_png"
		},
		{
			"url": "assets/UserSkin/ppt/btn/btn_random_map.png",
			"type": "image",
			"name": "btn_random_map_png"
		},
		{
			"url": "assets/UserSkin/ppt/bg/vs_bg_1v1.png",
			"type": "image",
			"name": "vs_bg_1v1_png"
		},
		{
			"url": "assets/UserSkin/ppt/bg/vs_head_1v1.png",
			"type": "image",
			"name": "vs_head_1v1_png"
		},
		{
			"url": "assets/UserSkin/ppt/bg/vs_mask_1v1.png",
			"type": "image",
			"name": "vs_mask_1v1_png"
		},
		{
			"url": "assets/UserSkin/ppt/bg/vs_randon_1v1.png",
			"type": "image",
			"name": "vs_randon_1v1_png"
		},
		{
			"url": "assets/UserSkin/ppt/bg/vs_kuang_1v1.png",
			"type": "image",
			"name": "vs_kuang_1v1_png"
		},
		{
			"url": "assets/UserSkin/ppt/icon/map_res2_icon.json",
			"type": "sheet",
			"name": "map_res2_icon_json",
			"subkeys": "res_31_png,res_32_png,res_33_png,res_34_png,res_35_png,res_36_png,res_37_png,res_38_png,res_39_png,res_40_png,res_41_png,res_42_png,res_43_png,res_44_png,res_45_png,res_46_png,res_47_png,res_48_png,res_49_png,res_50_png,res_51_png,res_52_png,res_53_png,res_54_png,res_55_png,res_56_png,res_57_png,res_58_png,res_59_png,res_60_png,res_61_png,res_62_png,res_63_png,res_64_png,res_65_png,res_66_png,res_67_png,res_68_png,res_69_png"
		},
		{
			"url": "assets/UserSkin/ppt/btn/btn_invalid_01.png",
			"type": "image",
			"name": "btn_invalid_01_png"
		},
		{
			"url": "assets/UserSkin/ppt/btn/btn_invalid_02.png",
			"type": "image",
			"name": "btn_invalid_02_png"
		},
		{
			"url": "assets/UserSkin/ppt/role/p2_static.json",
			"type": "json",
			"name": "p2_static_json"
		},
		{
			"url": "assets/UserSkin/ppt/role/p2_static.png",
			"type": "image",
			"name": "p2_static_png"
		},
		{
			"url": "assets/UserSkin/ppt/role/p1_static_02.json",
			"type": "json",
			"name": "p1_static_02_json"
		},
		{
			"url": "assets/UserSkin/ppt/role/p1_static_02.png",
			"type": "image",
			"name": "p1_static_02_png"
		},
		{
			"url": "assets/UserSkin/ppt/role/p1_static_03.json",
			"type": "json",
			"name": "p1_static_03_json"
		},
		{
			"url": "assets/UserSkin/ppt/role/p1_static_03.png",
			"type": "image",
			"name": "p1_static_03_png"
		},
		{
			"url": "assets/UserSkin/ppt/role/p1_static_04.json",
			"type": "json",
			"name": "p1_static_04_json"
		},
		{
			"url": "assets/UserSkin/ppt/role/p1_static_04.png",
			"type": "image",
			"name": "p1_static_04_png"
		},
		{
			"url": "assets/UserSkin/ppt/role/p2_static_02.json",
			"type": "json",
			"name": "p2_static_02_json"
		},
		{
			"url": "assets/UserSkin/ppt/role/p2_static_02.png",
			"type": "image",
			"name": "p2_static_02_png"
		},
		{
			"url": "assets/UserSkin/ppt/role/p2_static_03.json",
			"type": "json",
			"name": "p2_static_03_json"
		},
		{
			"url": "assets/UserSkin/ppt/role/p2_static_03.png",
			"type": "image",
			"name": "p2_static_03_png"
		},
		{
			"url": "assets/UserSkin/ppt/role/p2_static_04.json",
			"type": "json",
			"name": "p2_static_04_json"
		},
		{
			"url": "assets/UserSkin/ppt/role/p2_static_04.png",
			"type": "image",
			"name": "p2_static_04_png"
		},
		{
			"url": "assets/UserSkin/ppt/role/p3_static.json",
			"type": "json",
			"name": "p3_static_json"
		},
		{
			"url": "assets/UserSkin/ppt/role/p3_static.png",
			"type": "image",
			"name": "p3_static_png"
		},
		{
			"url": "assets/UserSkin/ppt/role/p3_static_02.json",
			"type": "json",
			"name": "p3_static_02_json"
		},
		{
			"url": "assets/UserSkin/ppt/role/p3_static_02.png",
			"type": "image",
			"name": "p3_static_02_png"
		},
		{
			"url": "assets/UserSkin/ppt/role/p3_static_03.json",
			"type": "json",
			"name": "p3_static_03_json"
		},
		{
			"url": "assets/UserSkin/ppt/role/p3_static_03.png",
			"type": "image",
			"name": "p3_static_03_png"
		},
		{
			"url": "assets/UserSkin/ppt/role/p3_static_04.json",
			"type": "json",
			"name": "p3_static_04_json"
		},
		{
			"url": "assets/UserSkin/ppt/role/p3_static_04.png",
			"type": "image",
			"name": "p3_static_04_png"
		},
		{
			"url": "assets/UserSkin/ppt/role/p3_01.json",
			"type": "json",
			"name": "p3_01_json"
		},
		{
			"url": "assets/UserSkin/ppt/role/p3_01.png",
			"type": "image",
			"name": "p3_01_png"
		},
		{
			"url": "assets/UserSkin/ppt/role/p3_02.json",
			"type": "json",
			"name": "p3_02_json"
		},
		{
			"url": "assets/UserSkin/ppt/role/p3_02.png",
			"type": "image",
			"name": "p3_02_png"
		},
		{
			"url": "assets/UserSkin/ppt/role/p3_03.json",
			"type": "json",
			"name": "p3_03_json"
		},
		{
			"url": "assets/UserSkin/ppt/role/p3_03.png",
			"type": "image",
			"name": "p3_03_png"
		},
		{
			"url": "assets/UserSkin/ppt/role/p3_04.json",
			"type": "json",
			"name": "p3_04_json"
		},
		{
			"url": "assets/UserSkin/ppt/role/p3_04.png",
			"type": "image",
			"name": "p3_04_png"
		},
		{
			"url": "assets/UserSkin/ppt/role/select/role_select_p3.png",
			"type": "image",
			"name": "role_select_p3_png"
		},
		{
			"url": "assets/UserSkin/ppt/role/select/p1_special.json",
			"type": "json",
			"name": "p1_special_json"
		},
		{
			"url": "assets/UserSkin/ppt/role/select/p1_special.png",
			"type": "image",
			"name": "p1_special_png"
		},
		{
			"url": "assets/UserSkin/ppt/role/select/p2_special.json",
			"type": "json",
			"name": "p2_special_json"
		},
		{
			"url": "assets/UserSkin/ppt/role/select/p2_special.png",
			"type": "image",
			"name": "p2_special_png"
		},
		{
			"url": "assets/UserSkin/ppt/role/select/p3_special.json",
			"type": "json",
			"name": "p3_special_json"
		},
		{
			"url": "assets/UserSkin/ppt/role/select/p3_special.png",
			"type": "image",
			"name": "p3_special_png"
		},
		{
			"url": "assets/UserSkin/ppt/role/select/role_select_bg2.png",
			"type": "image",
			"name": "role_select_bg2_png"
		},
		{
			"url": "assets/UserSkin/ppt/role/select/role_select_bg3.png",
			"type": "image",
			"name": "role_select_bg3_png"
		},
		{
			"url": "assets/UserSkin/res.json",
			"type": "json",
			"name": "res_json"
		},
		{
			"url": "assets/UserSkin/ppt/guide/guide_01.png",
			"type": "image",
			"name": "guide_01_png"
		},
		{
			"url": "assets/UserSkin/ppt/guide/guide_02.png",
			"type": "image",
			"name": "guide_02_png"
		},
		{
			"url": "assets/UserSkin/ppt/guide/guide_03.png",
			"type": "image",
			"name": "guide_03_png"
		},
		{
			"url": "assets/UserSkin/ppt/guide/guide_04.png",
			"type": "image",
			"name": "guide_04_png"
		},
		{
			"url": "assets/UserSkin/ppt/guide/guide_mask.png",
			"type": "image",
			"name": "guide_mask_png"
		},
		{
			"url": "assets/UserSkin/ppt/guide/guide_point.png",
			"type": "image",
			"name": "guide_point_png"
		},
		{
			"url": "assets/UserSkin/ppt/icon/LvRewardGet.json",
			"type": "sheet",
			"name": "LvRewardGet_json",
			"subkeys": "LvGetBg_png,LvGetBottom_png,LvGetPoint_png,LvGetPro_png,LvGetSlot_png,LvGetTitle_png"
		},
		{
			"url": "assets/UserSkin/ppt/btn/map_rank_01.png",
			"type": "image",
			"name": "map_rank_01_png"
		},
		{
			"url": "assets/UserSkin/ppt/btn/map_rank_02.png",
			"type": "image",
			"name": "map_rank_02_png"
		},
		{
			"url": "assets/UserSkin/ppt/bg/main_setting_bg.png",
			"type": "image",
			"name": "main_setting_bg_png"
		},
		{
			"url": "assets/UserSkin/ppt/bg/settting_close_music.png",
			"type": "image",
			"name": "settting_close_music_png"
		},
		{
			"url": "assets/UserSkin/ppt/bg/settting_open_music.png",
			"type": "image",
			"name": "settting_open_music_png"
		},
		{
			"url": "assets/UserSkin/ppt/bg/view_history_bg.png",
			"type": "image",
			"name": "view_history_bg_png"
		},
		{
			"url": "assets/UserSkin/ppt/bg/view_history_title.png",
			"type": "image",
			"name": "view_history_title_png"
		},
		{
			"url": "assets/UserSkin/ppt/icon/blue_star.png",
			"type": "image",
			"name": "blue_star_png"
		},
		{
			"url": "assets/UserSkin/ppt/icon/barr_lock.png",
			"type": "image",
			"name": "barr_lock_png"
		},
		{
			"url": "assets/UserSkin/ppt/btn/left_page.png",
			"type": "image",
			"name": "left_page_png"
		},
		{
			"url": "assets/UserSkin/ppt/btn/right_page.png",
			"type": "image",
			"name": "right_page_png"
		},
		{
			"url": "assets/UserSkin/ppt/btn/btn_close_blue_01.png",
			"type": "image",
			"name": "btn_close_blue_01_png"
		},
		{
			"url": "assets/UserSkin/ppt/btn/btn_close_blue_02.png",
			"type": "image",
			"name": "btn_close_blue_02_png"
		},
		{
			"url": "assets/UserSkin/ppt/btn/next_barr_01.png",
			"type": "image",
			"name": "next_barr_01_png"
		},
		{
			"url": "assets/UserSkin/ppt/btn/next_barr_02.png",
			"type": "image",
			"name": "next_barr_02_png"
		},
		{
			"url": "assets/UserSkin/ppt/role/select/role_select_p4.png",
			"type": "image",
			"name": "role_select_p4_png"
		},
		{
			"url": "assets/UserSkin/ppt/role/p4_01.json",
			"type": "json",
			"name": "p4_01_json"
		},
		{
			"url": "assets/UserSkin/ppt/role/p4_01.png",
			"type": "image",
			"name": "p4_01_png"
		},
		{
			"url": "assets/UserSkin/ppt/role/p4_02.json",
			"type": "json",
			"name": "p4_02_json"
		},
		{
			"url": "assets/UserSkin/ppt/role/p4_02.png",
			"type": "image",
			"name": "p4_02_png"
		},
		{
			"url": "assets/UserSkin/ppt/role/p4_03.json",
			"type": "json",
			"name": "p4_03_json"
		},
		{
			"url": "assets/UserSkin/ppt/role/p4_03.png",
			"type": "image",
			"name": "p4_03_png"
		},
		{
			"url": "assets/UserSkin/ppt/role/p4_04.json",
			"type": "json",
			"name": "p4_04_json"
		},
		{
			"url": "assets/UserSkin/ppt/role/p4_04.png",
			"type": "image",
			"name": "p4_04_png"
		},
		{
			"url": "assets/UserSkin/ppt/role/p4_static.json",
			"type": "json",
			"name": "p4_static_json"
		},
		{
			"url": "assets/UserSkin/ppt/role/p4_static.png",
			"type": "image",
			"name": "p4_static_png"
		},
		{
			"url": "assets/UserSkin/ppt/role/p4_static_02.json",
			"type": "json",
			"name": "p4_static_02_json"
		},
		{
			"url": "assets/UserSkin/ppt/role/p4_static_02.png",
			"type": "image",
			"name": "p4_static_02_png"
		},
		{
			"url": "assets/UserSkin/ppt/role/p4_static_03.json",
			"type": "json",
			"name": "p4_static_03_json"
		},
		{
			"url": "assets/UserSkin/ppt/role/p4_static_03.png",
			"type": "image",
			"name": "p4_static_03_png"
		},
		{
			"url": "assets/UserSkin/ppt/role/p4_static_04.json",
			"type": "json",
			"name": "p4_static_04_json"
		},
		{
			"url": "assets/UserSkin/ppt/role/p4_static_04.png",
			"type": "image",
			"name": "p4_static_04_png"
		},
		{
			"url": "assets/UserSkin/ppt/role/select/p4_special.json",
			"type": "json",
			"name": "p4_special_json"
		},
		{
			"url": "assets/UserSkin/ppt/role/select/p4_special.png",
			"type": "image",
			"name": "p4_special_png"
		},
		{
			"url": "assets/UserSkin/ppt/icon/mini_rank_like.png",
			"type": "image",
			"name": "mini_rank_like_png"
		},
		{
			"url": "assets/UserSkin/ppt/bg/notify_bg.png",
			"type": "image",
			"name": "notify_bg_png"
		},
		{
			"url": "assets/UserSkin/ppt/icon/mini_tv.png",
			"type": "image",
			"name": "mini_tv_png"
		},
		{
			"url": "assets/UserSkin/ppt/bg/hall_cloud.png",
			"type": "image",
			"name": "hall_cloud_png"
		},
		{
			"url": "assets/UserSkin/ppt/guide/guild_map_01.png",
			"type": "image",
			"name": "guild_map_01_png"
		},
		{
			"url": "assets/UserSkin/ppt/guide/guild_map_02.png",
			"type": "image",
			"name": "guild_map_02_png"
		},
		{
			"url": "assets/UserSkin/ppt/guide/guild_map_03.png",
			"type": "image",
			"name": "guild_map_03_png"
		},
		{
			"url": "assets/UserSkin/ppt/guide/guild_map_04.png",
			"type": "image",
			"name": "guild_map_04_png"
		},
		{
			"url": "assets/UserSkin/ppt/guide/guild_map_05.png",
			"type": "image",
			"name": "guild_map_05_png"
		},
		{
			"url": "assets/UserSkin/ppt/guide/guild_map_06.png",
			"type": "image",
			"name": "guild_map_06_png"
		},
		{
			"url": "assets/UserSkin/ppt/btn/pvp_anim_btn.json",
			"type": "json",
			"name": "pvp_anim_btn_json"
		},
		{
			"url": "assets/UserSkin/ppt/btn/pvp_anim_btn.png",
			"type": "image",
			"name": "pvp_anim_btn_png"
		},
		{
			"url": "assets/UserSkin/ppt/btn/wx_pvp_btn.json",
			"type": "json",
			"name": "wx_pvp_btn_json"
		},
		{
			"url": "assets/UserSkin/ppt/btn/wx_pvp_btn.png",
			"type": "image",
			"name": "wx_pvp_btn_png"
		},
		{
			"url": "assets/UserSkin/ppt/buff/take_chicken.json",
			"type": "json",
			"name": "take_chicken_json"
		},
		{
			"url": "assets/UserSkin/ppt/buff/take_chicken.png",
			"type": "image",
			"name": "take_chicken_png"
		},
		{
			"url": "assets/UserSkin/ppt/buff/take_dog.json",
			"type": "json",
			"name": "take_dog_json"
		},
		{
			"url": "assets/UserSkin/ppt/buff/take_dog.png",
			"type": "image",
			"name": "take_dog_png"
		},
		{
			"url": "assets/UserSkin/ppt/bg/skill.json",
			"type": "sheet",
			"name": "skill_json",
			"subkeys": "skill_chicken_nn_png,skill_chicken_png,skill_dog_nn_png,skill_dog_png,skill_hudun_nn_png,skill_hudun_png,skill_item_bg_png,skill_item_kuang_png,skill_jingu_nn_png,skill_jingu_png,skill_shuaijian_nn_png,skill_shuaijian_png,skill_tip_01_png,skill_tip_02_png"
		},
		{
			"url": "assets/UserSkin/ppt/btn/weixin_login.png",
			"type": "image",
			"name": "weixin_login_png"
		},
		{
			"url": "assets/UserSkin/ppt/role/default_head.png",
			"type": "image",
			"name": "default_head_png"
		},
		{
			"url": "assets/UserSkin/ppt/guide/guide_showtip.png",
			"type": "image",
			"name": "guide_showtip_png"
		},
		{
			"url": "assets/UserSkin/ppt/guide/guide_point_down.png",
			"type": "image",
			"name": "guide_point_down_png"
		},
		{
			"url": "assets/UserSkin/ppt/icon/item_merge_2.json",
			"type": "sheet",
			"name": "item_merge_2_json",
			"subkeys": "shape_doughnut_png,shape_ice_png,shape_mars_png,shape_normal_png,shape_volleyball_png,shape_watermelon_png"
		},
		{
			"url": "assets/UserSkin/ppt/role/select/role_select_bg4.png",
			"type": "image",
			"name": "role_select_bg4_png"
		},
		{
			"url": "assets/UserSkin/ppt/role/paopao_watermelon.json",
			"type": "json",
			"name": "paopao_watermelon_json"
		},
		{
			"url": "assets/UserSkin/ppt/role/paopao_watermelon.png",
			"type": "image",
			"name": "paopao_watermelon_png"
		},
		{
			"url": "assets/UserSkin/ppt/role/paopao_doughnut.json",
			"type": "json",
			"name": "paopao_doughnut_json"
		},
		{
			"url": "assets/UserSkin/ppt/role/paopao_doughnut.png",
			"type": "image",
			"name": "paopao_doughnut_png"
		},
		{
			"url": "assets/UserSkin/ppt/role/paopao_ice.json",
			"type": "json",
			"name": "paopao_ice_json"
		},
		{
			"url": "assets/UserSkin/ppt/role/paopao_ice.png",
			"type": "image",
			"name": "paopao_ice_png"
		},
		{
			"url": "assets/UserSkin/ppt/role/paopao_mars.json",
			"type": "json",
			"name": "paopao_mars_json"
		},
		{
			"url": "assets/UserSkin/ppt/role/paopao_mars.png",
			"type": "image",
			"name": "paopao_mars_png"
		},
		{
			"url": "assets/UserSkin/ppt/role/paopao_volleyball.json",
			"type": "json",
			"name": "paopao_volleyball_json"
		},
		{
			"url": "assets/UserSkin/ppt/role/paopao_volleyball.png",
			"type": "image",
			"name": "paopao_volleyball_png"
		},
		{
			"url": "assets/UserSkin/ppt/btn/match_exit_01.png",
			"type": "image",
			"name": "match_exit_01_png"
		},
		{
			"url": "assets/UserSkin/ppt/btn/match_exit_02.png",
			"type": "image",
			"name": "match_exit_02_png"
		},
		{
			"url": "assets/UserSkin/ppt/bg/match_success.png",
			"type": "image",
			"name": "match_success_png"
		},
		{
			"url": "assets/UserSkin/ppt/bg/main_setting_logout.png",
			"type": "image",
			"name": "main_setting_logout_png"
		},
		{
			"url": "assets/UserSkin/ppt/icon/map_res3_icon.json",
			"type": "sheet",
			"name": "map_res3_icon_json",
			"subkeys": "res_70_png,res_71_png,res_72_png,res_73_png,res_74_png,res_75_png,res_76_png,res_77_png,res_78_png,res_79_png,res_80_png,res_81_png,res_82_png,res_83_png,res_84_png,res_85_png,res_86_png,res_87_png"
		},
		{
			"url": "assets/UserSkin/ppt/btn/red_tv.png",
			"type": "image",
			"name": "red_tv_png"
		},
		{
			"url": "assets/UserSkin/ppt/btn/gonggao_01.png",
			"type": "image",
			"name": "gonggao_01_png"
		},
		{
			"url": "assets/UserSkin/ppt/btn/gonggao_02.png",
			"type": "image",
			"name": "gonggao_02_png"
		},
		{
			"url": "assets/UserSkin/ppt/role/ai/pai1_01.json",
			"type": "json",
			"name": "pai1_01_json"
		},
		{
			"url": "assets/UserSkin/ppt/role/ai/pai1_01.png",
			"type": "image",
			"name": "pai1_01_png"
		},
		{
			"url": "assets/UserSkin/ppt/role/ai/pai1_02.json",
			"type": "json",
			"name": "pai1_02_json"
		},
		{
			"url": "assets/UserSkin/ppt/role/ai/pai1_02.png",
			"type": "image",
			"name": "pai1_02_png"
		},
		{
			"url": "assets/UserSkin/ppt/role/ai/pai1_03.json",
			"type": "json",
			"name": "pai1_03_json"
		},
		{
			"url": "assets/UserSkin/ppt/role/ai/pai1_03.png",
			"type": "image",
			"name": "pai1_03_png"
		},
		{
			"url": "assets/UserSkin/ppt/role/ai/pai1_04.json",
			"type": "json",
			"name": "pai1_04_json"
		},
		{
			"url": "assets/UserSkin/ppt/role/ai/pai1_04.png",
			"type": "image",
			"name": "pai1_04_png"
		},
		{
			"url": "assets/UserSkin/ppt/role/ai/pai2_01.json",
			"type": "json",
			"name": "pai2_01_json"
		},
		{
			"url": "assets/UserSkin/ppt/role/ai/pai2_01.png",
			"type": "image",
			"name": "pai2_01_png"
		},
		{
			"url": "assets/UserSkin/ppt/role/ai/pai2_02.json",
			"type": "json",
			"name": "pai2_02_json"
		},
		{
			"url": "assets/UserSkin/ppt/role/ai/pai2_02.png",
			"type": "image",
			"name": "pai2_02_png"
		},
		{
			"url": "assets/UserSkin/ppt/role/ai/pai2_03.json",
			"type": "json",
			"name": "pai2_03_json"
		},
		{
			"url": "assets/UserSkin/ppt/role/ai/pai2_03.png",
			"type": "image",
			"name": "pai2_03_png"
		},
		{
			"url": "assets/UserSkin/ppt/role/ai/pai2_04.json",
			"type": "json",
			"name": "pai2_04_json"
		},
		{
			"url": "assets/UserSkin/ppt/role/ai/pai2_04.png",
			"type": "image",
			"name": "pai2_04_png"
		},
		{
			"url": "assets/UserSkin/ppt/role/ai/pai3_01.json",
			"type": "json",
			"name": "pai3_01_json"
		},
		{
			"url": "assets/UserSkin/ppt/role/ai/pai3_01.png",
			"type": "image",
			"name": "pai3_01_png"
		},
		{
			"url": "assets/UserSkin/ppt/role/ai/pai3_02.json",
			"type": "json",
			"name": "pai3_02_json"
		},
		{
			"url": "assets/UserSkin/ppt/role/ai/pai3_02.png",
			"type": "image",
			"name": "pai3_02_png"
		},
		{
			"url": "assets/UserSkin/ppt/role/ai/pai3_03.json",
			"type": "json",
			"name": "pai3_03_json"
		},
		{
			"url": "assets/UserSkin/ppt/role/ai/pai3_03.png",
			"type": "image",
			"name": "pai3_03_png"
		},
		{
			"url": "assets/UserSkin/ppt/role/ai/pai3_04.json",
			"type": "json",
			"name": "pai3_04_json"
		},
		{
			"url": "assets/UserSkin/ppt/role/ai/pai3_04.png",
			"type": "image",
			"name": "pai3_04_png"
		},
		{
			"url": "assets/UserSkin/ppt/role/ai/pai4_01.json",
			"type": "json",
			"name": "pai4_01_json"
		},
		{
			"url": "assets/UserSkin/ppt/role/ai/pai4_01.png",
			"type": "image",
			"name": "pai4_01_png"
		},
		{
			"url": "assets/UserSkin/ppt/role/ai/pai4_02.json",
			"type": "json",
			"name": "pai4_02_json"
		},
		{
			"url": "assets/UserSkin/ppt/role/ai/pai4_02.png",
			"type": "image",
			"name": "pai4_02_png"
		},
		{
			"url": "assets/UserSkin/ppt/role/ai/pai4_03.json",
			"type": "json",
			"name": "pai4_03_json"
		},
		{
			"url": "assets/UserSkin/ppt/role/ai/pai4_03.png",
			"type": "image",
			"name": "pai4_03_png"
		},
		{
			"url": "assets/UserSkin/ppt/role/ai/pai4_04.json",
			"type": "json",
			"name": "pai4_04_json"
		},
		{
			"url": "assets/UserSkin/ppt/role/ai/pai4_04.png",
			"type": "image",
			"name": "pai4_04_png"
		},
		{
			"url": "abi/nft_tokensOfOwner.json",
			"type": "json",
			"name": "nft_tokensOfOwner_json"
		},
		{
			"url": "abi/maincoin_transfer.json",
			"type": "json",
			"name": "maincoin_transfer_json"
		},
		{
			"url": "abi/maincoin_balanceOf.json",
			"type": "json",
			"name": "maincoin_balanceOf_json"
		},
		{
			"url": "abi/maincoin_transferFrom.json",
			"type": "json",
			"name": "maincoin_transferFrom_json"
		},
		{
			"url": "abi/maincoin_increaseApproval.json",
			"type": "json",
			"name": "maincoin_increaseApproval_json"
		},
		{
			"url": "assets/UserSkin/ppt/bg/login_bg.jpg",
			"type": "image",
			"name": "login_bg_jpg"
		},
		{
			"url": "assets/UserSkin/ppt/bg/new_ui_01.jpg",
			"type": "image",
			"name": "new_ui_01_jpg"
		},
		{
			"url": "assets/UserSkin/ppt/bg/leftbar_di.png",
			"type": "image",
			"name": "leftbar_di_png"
		},
		{
			"url": "assets/UserSkin/ppt/icon/horse_page1_home.json",
			"type": "sheet",
			"name": "horse_page1_home_json",
			"subkeys": "bar_coin_png,bar_health_1_di_png,bar_health_1_png,bar_level_1_di_png,bar_level_1_png,bar_name_di_png,btn_+_png,icon_champion_png,icon_coin1_png,icon_coin2_png,icon_homestead_n_png,icon_homestead_s_png,icon_level_png,icon_marketpalec_n_png,icon_marketpalec_s_png,icon_stables_n_png,icon_stables_s_png,icon_task_n_png,icon_task_s_png,icon_training_n_png,icon_training_s_png,leftbar_s_png,pic_logo_png,pic_shadow_png,sign_1_png"
		},
		{
			"url": "assets/UserSkin/ppt/bg/horse_home_page2.jpg",
			"type": "image",
			"name": "horse_home_page2_jpg"
		},
		{
			"url": "assets/UserSkin/ppt/icon/horse_page2_home.json",
			"type": "sheet",
			"name": "horse_page2_home_json",
			"subkeys": "Attribute_png,Gene-factor_png,Site-suitability_png,bar_Splitline_1_png,bar_exp_1_di_png,bar_exp_1_png,bar_exp_2_di_png,bar_exp_2_png,bar_info_Gener_di_png,bar_info_di1_png,bar_info_di2_png,bar_info_di_3_png,bar_info_di_4_png,bar_info_di_5_png,bar_info_di_7_png,bar_name_png,bar_slider_di_png,bar_slider_png,bar_txopt_di_png,btn_back_png,btn_point1_d_png,btn_point1_png,days_png,icon_Decterous_png,icon_Grassland_png,icon_Male_png,icon_Mud_png,icon_Stamina_png,icon_age_png,icon_breeding-time_png,icon_breeding_n_png,icon_breeding_s_png,icon_burst_png,icon_constitution_png,icon_energy_png,icon_female_png,icon_gene1_png,icon_gene2_png,icon_gene3_png,icon_gene4_png,icon_gene5_png,icon_heart_1_png,icon_heart_png,icon_horse_n_png,icon_horse_s_png,icon_level_a_png,icon_level_b_png,icon_level_c_png,icon_level_d_png,icon_level_s_png,icon_lock_png,icon_merge_n_png,icon_merge_s_png,icon_pedigree_n_png,icon_pedigree_s_png,icon_sand_png,icon_skill_n_png,icon_skill_s_png,icon_speed_png,icon_stars_0_png,icon_stars_png,icon_start_png,icon_stats_n_png,icon_stats_s_png,icon_strength_png,icon_wisdom_png,info_gene_frame_png,info_skill_framedi_png,info_tx2_frame_png,info_tx_frame_png,mask2_png,rightbar_di_png,rightbar_s_png,select1_s_png,select2_s_png,sign_2_png,sign_point_1_png,sign_point_2_png,skill1_png,skills_png,tx1_1_png,tx2_1_png"
		},
		{
			"url": "assets/UserSkin/ppt/bg/horse_merge_page2.jpg",
			"type": "image",
			"name": "horse_merge_page2_jpg"
		},
		{
			"url": "assets/UserSkin/ppt/icon/horse_page2_merge.json",
			"type": "sheet",
			"name": "horse_page2_merge_json",
			"subkeys": "Advanced-Merge_png,BREEDING_png,GRADE-CHANCE_png,LVL_png,MERGEING_png,bar_info_di_10_png,bar_info_di_11_png,bar_info_di_12_png,bar_info_di_8_png,bar_info_di_9_png,bar_txopt_di_2_png,btn_info1_png,btn_point2_d_png,btn_point2_png,icon_stars2_png,mare_png,merge_png,middlebar_s_png,stallion_png,tx_UNK_1_png,tx_UNK_2_png,tx_UNK_3_png"
		},
		{
			"url": "assets/UserSkin/ppt/horse/right_horse.png",
			"type": "image",
			"name": "right_horse_png"
		},
		{
			"url": "assets/UserSkin/ppt/horse/left_horse.png",
			"type": "image",
			"name": "left_horse_png"
		},
		{
			"url": "assets/UserSkin/ppt/horse/get_horse.png",
			"type": "image",
			"name": "get_horse_png"
		},
		{
			"url": "assets/UserSkin/ppt/icon/horse_page2_result.json",
			"type": "sheet",
			"name": "horse_page2_result_json",
			"subkeys": "bar_name_di2_png,btn_info2_png,icon_confirm_png,icon_enter_png,icon_failure_png,icon_heart2_png,icon_merge2_png,icon_share_png,pic_breed_png,pic_congratulation_png,pic_light_png,pic_merge_png,pic_successful_png"
		},
		{
			"url": "assets/UserSkin/ppt/bg/black_mask.png",
			"type": "image",
			"name": "black_mask_png"
		},
		{
			"url": "assets/UserSkin/ppt/icon/horse_page3_training.json",
			"type": "sheet",
			"name": "horse_page3_training_json",
			"subkeys": "Effect_png,Site_png,Total_png,Train_png,bar_exp_3_di_png,bar_exp_3_mask_png,bar_exp_3_png,bar_exp_3_red_png,bar_exp_4_di_png,bar_exp_4_png,bar_info_+_png,bar_info_di_13_png,bar_info_di_14_png,bar_info_di_15_png,bar_info_di_16_png,btn_+_2_d_png,btn_+_2_png,btn_-_2_d_png,btn_-_2_png,btn_TNGC_S_png,btn_TNGC_png,btn_TNGFR_S_png,btn_TNGFR_png,btn_TNGOBS_S_png,btn_TNGOBS_png,btn_TNGP_S_png,btn_TNGP_png,btn_TNGtrot_S_png,btn_TNGtrot_png,btn_info3_png,btn_point3_png,leftbar_2_di_png,num_10_2_png,num_10_3_png,num_9_2_png,num_9_3_png,pic_complete_png,pic_training_png,select3_s_png,single_green_png"
		},
		{
			"url": "assets/UserSkin/ppt/horse/stand_horse.png",
			"type": "image",
			"name": "stand_horse_png"
		},
		{
			"url": "sound/horse/horse_sfx_after_eat.wav",
			"type": "sound",
			"name": "horse_sfx_after_eat_wav"
		},
		{
			"url": "sound/horse/horse_step_on_grass_3.wav",
			"type": "sound",
			"name": "horse_step_on_grass_3_wav"
		},
		{
			"url": "assets/UserSkin/ppt/bg/horse_playToEarn_page4.jpg",
			"type": "image",
			"name": "horse_playToEarn_page4_jpg"
		},
		{
			"url": "assets/UserSkin/ppt/horse/playToEarn/bar_list_CT.png",
			"type": "image",
			"name": "bar_list_CT_png"
		},
		{
			"url": "assets/UserSkin/ppt/horse/playToEarn/bar_list_P.png",
			"type": "image",
			"name": "bar_list_P_png"
		},
		{
			"url": "assets/UserSkin/ppt/horse/playToEarn/bar_list_RE.png",
			"type": "image",
			"name": "bar_list_RE_png"
		},
		{
			"url": "assets/UserSkin/ppt/horse/playToEarn/select4_s.png",
			"type": "image",
			"name": "select4_s_png"
		},
		{
			"url": "assets/UserSkin/ppt/icon/horse_page4_task.json",
			"type": "sheet",
			"name": "horse_page4_task_json",
			"subkeys": "Basicbonus_png,Cargo-Transportation_png,Claim-Rewards_png,Exhibition_png,Extra-bonus_png,Go-Rest_png,Horse_png,Join-Exhibition_png,My-Exhibition_png,My-Stables_png,Peddlery_png,Porcelain_png,Process_png,Ranch-Exhibition_png,Rewards-everyday_png,Rewards_2_png,Rewards_png,Score_png,Select-Business-Goods_png,Selected-Score：_png,Selected：_png,Total-Business-time_png,Total-Exhibition--Score_png,Total-Exhibition_png,Total-Number-of-Horse_png,Wheat_png,bar_info_di17_png,bar_info_di21_png,bar_info_di22_png,bar_info_di_18_png,bar_info_di_19_png,bar_info_di_20_png,bar_info_di_23_png,bar_info_di_24_s_png,btn_point4_2_png,btn_potnt4_png,icon_Huge-profit_png,icon_Normal-profit_png,icon_Small-Profit_png,icon_cargo1_d_png,icon_cargo1_png,icon_cargo2_d_png,icon_cargo2_png,icon_cargo3_d_png,icon_cargo3_png,icon_cargo4_d_png,icon_cargo4_png,icon_strength2_png,icon_task_n_png,icon_task_s_png,num_12_2_png,num_12_png,num_4_3_png,num_4_4_png,num_4_5_png,num_4_6_png,pic_Normal_png,pic_Small_png,pic_huge_png,pic_lose_png,pic_porcelain_png,pic_profit1_png,pic_profit2_png,pic_profit3_png,pic_wheat_png,pic_win_png,pic_wood_png,select-all：_png,select6_di_png,select6_s_png,select7_di_png,select7_s_png,start_png,title_di_png,wood_png,Ⅰ_png,Ⅱ_png,Ⅲ_png,Ⅳ_png"
		},
		{
			"url": "assets/UserSkin/ppt/horse/playToEarn/bar_info_di_24.png",
			"type": "image",
			"name": "bar_info_di_24_png"
		},
		{
			"url": "assets/UserSkin/ppt/horse/playToEarn/pic_info_di.png",
			"type": "image",
			"name": "pic_info_di_png"
		},
		{
			"url": "assets/UserSkin/ppt/horse/playToEarn/select5_s.png",
			"type": "image",
			"name": "select5_s_png"
		},
		{
			"url": "assets/UserSkin/ppt/horse/playToEarn/select8_s.png",
			"type": "image",
			"name": "select8_s_png"
		},
		{
			"url": "assets/UserSkin/ppt/bg/horse_market_page5.jpg",
			"type": "image",
			"name": "horse_market_page5_jpg"
		},
		{
			"url": "assets/UserSkin/ppt/bg/market_ticket.png",
			"type": "image",
			"name": "market_ticket_png"
		},
		{
			"url": "assets/UserSkin/ppt/icon/horse_page5_market.json",
			"type": "sheet",
			"name": "horse_page5_market_json",
			"subkeys": "Horse-Ticket2_png,Horse-Ticket_png,Input-a-price_png,Price_png,Ratity_png,Reset_png,Score2_png,Total2_png,a_n_png,a_s_png,b_n_png,b_s_png,bar_info_di_25_2_png,bar_info_di_26_png,bar_info_di_27_png,bar_info_di_28_png,bar_info_di_29_png,bar_info_di_30_png,bar_info_di_31_png,bar_info_di_32_png,bar_info_di_33_png,bar_info_di_34_png,btn_point5_png,c_n_png,c_s_png,d_n_png,d_s_png,icon_Horse-Market_n_png,icon_Horse-Market_s_png,icon_My-Inventory_n_png,icon_My-Inventory_s_png,icon_Royal-Club_n_png,icon_Royal-Club_s_png,icon_sort_png,icon_ticket_png,num_12_2_png,num_4_6_png,s_n_png,s_s_png,selec10_s_png,select9_di_png,select9_s_png,start_png"
		},
		{
			"url": "assets/UserSkin/ppt/horse/horse01/horse01_body.png",
			"type": "image",
			"name": "horse01_body_png"
		},
		{
			"url": "assets/UserSkin/ppt/horse/horse02/horse02_body.png",
			"type": "image",
			"name": "horse02_body_png"
		},
		{
			"url": "assets/UserSkin/ppt/horse/horse03/horse03_body.png",
			"type": "image",
			"name": "horse03_body_png"
		},
		{
			"url": "assets/UserSkin/ppt/horse/horse04/horse04_body.png",
			"type": "image",
			"name": "horse04_body_png"
		},
		{
			"url": "assets/UserSkin/ppt/horse/horse05/horse05_body.png",
			"type": "image",
			"name": "horse05_body_png"
		},
		{
			"url": "assets/UserSkin/ppt/horse/horse06/horse06_body.png",
			"type": "image",
			"name": "horse06_body_png"
		},
		{
			"url": "assets/UserSkin/ppt/horse/horse07/horse07_body.png",
			"type": "image",
			"name": "horse07_body_png"
		},
		{
			"url": "assets/UserSkin/ppt/horse/horse08/horse08_body.png",
			"type": "image",
			"name": "horse08_body_png"
		},
		{
			"url": "assets/UserSkin/ppt/horse/horse09/horse09_body.png",
			"type": "image",
			"name": "horse09_body_png"
		},
		{
			"url": "assets/UserSkin/ppt/horse/horse10/horse10_body.png",
			"type": "image",
			"name": "horse10_body_png"
		},
		{
			"url": "assets/UserSkin/ppt/horse/horse01/idle/horse01_idle_01.json",
			"type": "json",
			"name": "horse01_idle_01_json"
		},
		{
			"url": "assets/UserSkin/ppt/horse/horse01/idle/horse01_idle_01.png",
			"type": "image",
			"name": "horse01_idle_01_png"
		},
		{
			"url": "assets/UserSkin/ppt/horse/horse01/idle/horse01_idle_02.json",
			"type": "json",
			"name": "horse01_idle_02_json"
		},
		{
			"url": "assets/UserSkin/ppt/horse/horse01/idle/horse01_idle_02.png",
			"type": "image",
			"name": "horse01_idle_02_png"
		},
		{
			"url": "assets/UserSkin/ppt/horse/horse01/idle/horse01_idle_03.json",
			"type": "json",
			"name": "horse01_idle_03_json"
		},
		{
			"url": "assets/UserSkin/ppt/horse/horse01/idle/horse01_idle_03.png",
			"type": "image",
			"name": "horse01_idle_03_png"
		},
		{
			"url": "assets/UserSkin/ppt/horse/horse02/idle/horse02_idle_01.json",
			"type": "json",
			"name": "horse02_idle_01_json"
		},
		{
			"url": "assets/UserSkin/ppt/horse/horse02/idle/horse02_idle_01.png",
			"type": "image",
			"name": "horse02_idle_01_png"
		},
		{
			"url": "assets/UserSkin/ppt/horse/horse02/idle/horse02_idle_02.json",
			"type": "json",
			"name": "horse02_idle_02_json"
		},
		{
			"url": "assets/UserSkin/ppt/horse/horse02/idle/horse02_idle_02.png",
			"type": "image",
			"name": "horse02_idle_02_png"
		},
		{
			"url": "assets/UserSkin/ppt/horse/horse02/idle/horse02_idle_03.json",
			"type": "json",
			"name": "horse02_idle_03_json"
		},
		{
			"url": "assets/UserSkin/ppt/horse/horse02/idle/horse02_idle_03.png",
			"type": "image",
			"name": "horse02_idle_03_png"
		},
		{
			"url": "assets/UserSkin/ppt/horse/horse03/idle/horse03_idle_01.json",
			"type": "json",
			"name": "horse03_idle_01_json"
		},
		{
			"url": "assets/UserSkin/ppt/horse/horse03/idle/horse03_idle_01.png",
			"type": "image",
			"name": "horse03_idle_01_png"
		},
		{
			"url": "assets/UserSkin/ppt/horse/horse03/idle/horse03_idle_02.json",
			"type": "json",
			"name": "horse03_idle_02_json"
		},
		{
			"url": "assets/UserSkin/ppt/horse/horse03/idle/horse03_idle_02.png",
			"type": "image",
			"name": "horse03_idle_02_png"
		},
		{
			"url": "assets/UserSkin/ppt/horse/horse03/idle/horse03_idle_03.json",
			"type": "json",
			"name": "horse03_idle_03_json"
		},
		{
			"url": "assets/UserSkin/ppt/horse/horse03/idle/horse03_idle_03.png",
			"type": "image",
			"name": "horse03_idle_03_png"
		},
		{
			"url": "assets/UserSkin/ppt/horse/horse04/idle/horse04_idle_01.json",
			"type": "json",
			"name": "horse04_idle_01_json"
		},
		{
			"url": "assets/UserSkin/ppt/horse/horse04/idle/horse04_idle_01.png",
			"type": "image",
			"name": "horse04_idle_01_png"
		},
		{
			"url": "assets/UserSkin/ppt/horse/horse04/idle/horse04_idle_02.json",
			"type": "json",
			"name": "horse04_idle_02_json"
		},
		{
			"url": "assets/UserSkin/ppt/horse/horse04/idle/horse04_idle_02.png",
			"type": "image",
			"name": "horse04_idle_02_png"
		},
		{
			"url": "assets/UserSkin/ppt/horse/horse04/idle/horse04_idle_03.json",
			"type": "json",
			"name": "horse04_idle_03_json"
		},
		{
			"url": "assets/UserSkin/ppt/horse/horse04/idle/horse04_idle_03.png",
			"type": "image",
			"name": "horse04_idle_03_png"
		},
		{
			"url": "assets/UserSkin/ppt/horse/horse05/idle/horse05_idle_01.json",
			"type": "json",
			"name": "horse05_idle_01_json"
		},
		{
			"url": "assets/UserSkin/ppt/horse/horse05/idle/horse05_idle_01.png",
			"type": "image",
			"name": "horse05_idle_01_png"
		},
		{
			"url": "assets/UserSkin/ppt/horse/horse05/idle/horse05_idle_02.json",
			"type": "json",
			"name": "horse05_idle_02_json"
		},
		{
			"url": "assets/UserSkin/ppt/horse/horse05/idle/horse05_idle_02.png",
			"type": "image",
			"name": "horse05_idle_02_png"
		},
		{
			"url": "assets/UserSkin/ppt/horse/horse05/idle/horse05_idle_03.json",
			"type": "json",
			"name": "horse05_idle_03_json"
		},
		{
			"url": "assets/UserSkin/ppt/horse/horse05/idle/horse05_idle_03.png",
			"type": "image",
			"name": "horse05_idle_03_png"
		},
		{
			"url": "assets/UserSkin/ppt/horse/horse06/idle/horse06_idle_01.json",
			"type": "json",
			"name": "horse06_idle_01_json"
		},
		{
			"url": "assets/UserSkin/ppt/horse/horse06/idle/horse06_idle_01.png",
			"type": "image",
			"name": "horse06_idle_01_png"
		},
		{
			"url": "assets/UserSkin/ppt/horse/horse06/idle/horse06_idle_02.json",
			"type": "json",
			"name": "horse06_idle_02_json"
		},
		{
			"url": "assets/UserSkin/ppt/horse/horse06/idle/horse06_idle_02.png",
			"type": "image",
			"name": "horse06_idle_02_png"
		},
		{
			"url": "assets/UserSkin/ppt/horse/horse06/idle/horse06_idle_03.json",
			"type": "json",
			"name": "horse06_idle_03_json"
		},
		{
			"url": "assets/UserSkin/ppt/horse/horse06/idle/horse06_idle_03.png",
			"type": "image",
			"name": "horse06_idle_03_png"
		},
		{
			"url": "assets/UserSkin/ppt/horse/horse07/idle/horse07_idle_01.json",
			"type": "json",
			"name": "horse07_idle_01_json"
		},
		{
			"url": "assets/UserSkin/ppt/horse/horse07/idle/horse07_idle_01.png",
			"type": "image",
			"name": "horse07_idle_01_png"
		},
		{
			"url": "assets/UserSkin/ppt/horse/horse07/idle/horse07_idle_02.json",
			"type": "json",
			"name": "horse07_idle_02_json"
		},
		{
			"url": "assets/UserSkin/ppt/horse/horse07/idle/horse07_idle_02.png",
			"type": "image",
			"name": "horse07_idle_02_png"
		},
		{
			"url": "assets/UserSkin/ppt/horse/horse07/idle/horse07_idle_03.json",
			"type": "json",
			"name": "horse07_idle_03_json"
		},
		{
			"url": "assets/UserSkin/ppt/horse/horse07/idle/horse07_idle_03.png",
			"type": "image",
			"name": "horse07_idle_03_png"
		},
		{
			"url": "assets/UserSkin/ppt/horse/horse08/idle/horse08_idle_01.json",
			"type": "json",
			"name": "horse08_idle_01_json"
		},
		{
			"url": "assets/UserSkin/ppt/horse/horse08/idle/horse08_idle_01.png",
			"type": "image",
			"name": "horse08_idle_01_png"
		},
		{
			"url": "assets/UserSkin/ppt/horse/horse08/idle/horse08_idle_02.json",
			"type": "json",
			"name": "horse08_idle_02_json"
		},
		{
			"url": "assets/UserSkin/ppt/horse/horse08/idle/horse08_idle_02.png",
			"type": "image",
			"name": "horse08_idle_02_png"
		},
		{
			"url": "assets/UserSkin/ppt/horse/horse08/idle/horse08_idle_03.json",
			"type": "json",
			"name": "horse08_idle_03_json"
		},
		{
			"url": "assets/UserSkin/ppt/horse/horse08/idle/horse08_idle_03.png",
			"type": "image",
			"name": "horse08_idle_03_png"
		},
		{
			"url": "assets/UserSkin/ppt/horse/horse09/idle/horse09_idle_01.json",
			"type": "json",
			"name": "horse09_idle_01_json"
		},
		{
			"url": "assets/UserSkin/ppt/horse/horse09/idle/horse09_idle_01.png",
			"type": "image",
			"name": "horse09_idle_01_png"
		},
		{
			"url": "assets/UserSkin/ppt/horse/horse09/idle/horse09_idle_02.json",
			"type": "json",
			"name": "horse09_idle_02_json"
		},
		{
			"url": "assets/UserSkin/ppt/horse/horse09/idle/horse09_idle_03.json",
			"type": "json",
			"name": "horse09_idle_03_json"
		},
		{
			"url": "assets/UserSkin/ppt/horse/horse09/idle/horse09_idle_02.png",
			"type": "image",
			"name": "horse09_idle_02_png"
		},
		{
			"url": "assets/UserSkin/ppt/horse/horse09/idle/horse09_idle_03.png",
			"type": "image",
			"name": "horse09_idle_03_png"
		},
		{
			"url": "assets/UserSkin/ppt/horse/horse10/idle/horse10_idle_01.json",
			"type": "json",
			"name": "horse10_idle_01_json"
		},
		{
			"url": "assets/UserSkin/ppt/horse/horse10/idle/horse10_idle_01.png",
			"type": "image",
			"name": "horse10_idle_01_png"
		},
		{
			"url": "assets/UserSkin/ppt/horse/horse10/idle/horse10_idle_02.json",
			"type": "json",
			"name": "horse10_idle_02_json"
		},
		{
			"url": "assets/UserSkin/ppt/horse/horse10/idle/horse10_idle_02.png",
			"type": "image",
			"name": "horse10_idle_02_png"
		},
		{
			"url": "assets/UserSkin/ppt/horse/horse10/idle/horse10_idle_03.json",
			"type": "json",
			"name": "horse10_idle_03_json"
		},
		{
			"url": "assets/UserSkin/ppt/horse/horse10/idle/horse10_idle_03.png",
			"type": "image",
			"name": "horse10_idle_03_png"
		},
		{
			"url": "assets/UserSkin/ppt/horse/horse01/horse01_run01.json",
			"type": "json",
			"name": "horse01_run01_json"
		},
		{
			"url": "assets/UserSkin/ppt/horse/horse01/horse01_run01.png",
			"type": "image",
			"name": "horse01_run01_png"
		}
	]
}