{
	"skins": {
		"eui.Button": "resource/eui_skins/ButtonSkin.exml",
		"eui.CheckBox": "resource/eui_skins/CheckBoxSkin.exml",
		"eui.HScrollBar": "resource/eui_skins/HScrollBarSkin.exml",
		"eui.HSlider": "resource/eui_skins/HSliderSkin.exml",
		"eui.Panel": "resource/eui_skins/PanelSkin.exml",
		"eui.TextInput": "resource/eui_skins/TextInputSkin.exml",
		"eui.ProgressBar": "resource/eui_skins/ProgressBarSkin.exml",
		"eui.RadioButton": "resource/eui_skins/RadioButtonSkin.exml",
		"eui.Scroller": "resource/eui_skins/ScrollerSkin.exml",
		"eui.ToggleSwitch": "resource/eui_skins/ToggleSwitchSkin.exml",
		"eui.VScrollBar": "resource/eui_skins/VScrollBarSkin.exml",
		"eui.VSlider": "resource/eui_skins/VSliderSkin.exml",
		"eui.ItemRenderer": "resource/eui_skins/ItemRendererSkin.exml"
	},
	"autoGenerateExmlsList": true,
	"exmls": [
		"resource/eui_skins/ButtonSkin.exml",
		"resource/eui_skins/CheckBoxSkin.exml",
		"resource/eui_skins/HScrollBarSkin.exml",
		"resource/eui_skins/HSliderSkin.exml",
		"resource/eui_skins/ItemRendererSkin.exml",
		"resource/eui_skins/PanelSkin.exml",
		"resource/eui_skins/ProgressBarSkin.exml",
		"resource/eui_skins/RadioButtonSkin.exml",
		"resource/eui_skins/ScrollerSkin.exml",
		"resource/eui_skins/TextInputSkin.exml",
		"resource/eui_skins/ToggleSwitchSkin.exml",
		"resource/eui_skins/UserUI/BagUI.exml",
		"resource/eui_skins/UserUI/CommonTips.exml",
		"resource/eui_skins/UserUI/EditUI.exml",
		"resource/eui_skins/UserUI/FightGuanKaResultUI.exml",
		"resource/eui_skins/UserUI/FightInfoGroup.exml",
		"resource/eui_skins/UserUI/fightingUI.exml",
		"resource/eui_skins/UserUI/FightingVsMiniGameUI.exml",
		"resource/eui_skins/UserUI/FightingVsUI.exml",
		"resource/eui_skins/UserUI/FightResultUI.exml",
		"resource/eui_skins/UserUI/HallUI.exml",
		"resource/eui_skins/UserUI/LoginUI.exml",
		"resource/eui_skins/UserUI/mapDIYUI.exml",
		"resource/eui_skins/UserUI/mapMiniDIYUI.exml",
		"resource/eui_skins/UserUI/MapRankGroup.exml",
		"resource/eui_skins/UserUI/MapRankUI.exml",
		"resource/eui_skins/UserUI/MapViewGroup.exml",
		"resource/eui_skins/UserUI/MapViewUI.exml",
		"resource/eui_skins/UserUI/NewRankUI.exml",
		"resource/eui_skins/UserUI/noEndBarrStartGroup.exml",
		"resource/eui_skins/UserUI/noEndBarrUI.exml",
		"resource/eui_skins/UserUI/NoticeUI.exml",
		"resource/eui_skins/UserUI/PayShopUI.exml",
		"resource/eui_skins/UserUI/RankGroup.exml",
		"resource/eui_skins/UserUI/RegisteUI.exml",
		"resource/eui_skins/UserUI/RoleInfoUI.exml",
		"resource/eui_skins/UserUI/RoleSelectUI.exml",
		"resource/eui_skins/UserUI/RoleSelectUIGroup.exml",
		"resource/eui_skins/UserUI/RoleSelectUII.exml",
		"resource/eui_skins/UserUI/SaveMapTipUI.exml",
		"resource/eui_skins/UserUI/SelectShareVsMapUI.exml",
		"resource/eui_skins/UserUI/SeventDayGet.exml",
		"resource/eui_skins/UserUI/ShopItemGroup.exml",
		"resource/eui_skins/UserUI/WxVsWaitUI.exml",
		"resource/eui_skins/VScrollBarSkin.exml",
		"resource/eui_skins/VSliderSkin.exml"
	],
	"path": "resource/default.thm.json"
}