{"mc":{
	"0":{
		"frameRate":9,
		"labels":[
			{"name":"0","frame":1,"end":18}
			
			],
		"events":[
			
			],
		"frames":[
			
			{
			"res":"idle_45",
			"x":-149,
			"y":30
			},
			{
			"res":"idle_46",
			"x":-142,
			"y":29
			},
			{
			"res":"idle_47",
			"x":-137,
			"y":28
			},
			{
			"res":"idle_48",
			"x":-137,
			"y":27
			},
			{
			"res":"idle_49",
			"x":-137,
			"y":26
			},
			{
			"res":"idle_50",
			"x":-140,
			"y":25
			},
			{
			"res":"idle_51",
			"x":-145,
			"y":20
			},
			{
			"res":"idle_52",
			"x":-149,
			"y":15
			},
			{
			"res":"idle_53",
			"x":-154,
			"y":21
			},
			{
			"res":"idle_54",
			"x":-160,
			"y":26
			},
			{
			"res":"idle_55",
			"x":-163,
			"y":13
			},
			{
			"res":"idle_56",
			"x":-169,
			"y":-5
			},
			{
			"res":"idle_57",
			"x":-175,
			"y":-9
			},
			{
			"res":"idle_58",
			"x":-176,
			"y":-12
			},
			{
			"res":"idle_59",
			"x":-171,
			"y":-9
			},
			{
			"res":"idle_60",
			"x":-162,
			"y":-5
			},
			{
			"res":"idle_61",
			"x":-156,
			"y":-4
			},
			{
			"res":"idle_62",
			"x":-154,
			"y":-4
			}
			]
}},
	"res":{
		"idle_48":{"x":422,"y":1418,"w":386,"h":275},
		"idle_61":{"x":0,"y":937,"w":422,"h":307},
		"idle_53":{"x":1290,"y":307,"w":402,"h":283},
		"idle_50":{"x":443,"y":589,"w":393,"h":278},
		"idle_60":{"x":886,"y":0,"w":429,"h":307},
		"idle_47":{"x":412,"y":1693,"w":386,"h":275},
		"idle_46":{"x":435,"y":867,"w":391,"h":274},
		"idle_58":{"x":0,"y":0,"w":446,"h":315},
		"idle_52":{"x":0,"y":1534,"w":412,"h":289},
		"idle_54":{"x":446,"y":312,"w":406,"h":277},
		"idle_49":{"x":422,"y":1141,"w":386,"h":277},
		"idle_56":{"x":0,"y":628,"w":435,"h":309},
		"idle_51":{"x":886,"y":307,"w":404,"h":284},
		"idle_45":{"x":836,"y":591,"w":396,"h":273},
		"idle_55":{"x":0,"y":1244,"w":422,"h":290},
		"idle_59":{"x":446,"y":0,"w":440,"h":312},
		"idle_57":{"x":0,"y":315,"w":443,"h":313},
		"idle_62":{"x":1315,"y":0,"w":421,"h":307}
	}}