{"file":"rank_merge.png","frames":{
"rank_title_r_png":{"x":381,"y":208,"w":185,"h":61,"offX":0,"offY":0,"sourceW":189,"sourceH":61},
"rank_title_lb_png":{"x":1,"y":151,"w":378,"h":65,"offX":0,"offY":0,"sourceW":378,"sourceH":65},
"rank_title_l_png":{"x":838,"y":81,"w":185,"h":61,"offX":4,"offY":0,"sourceW":189,"sourceH":61},
"rank_select_02_png":{"x":752,"y":151,"w":162,"h":78,"offX":0,"offY":0,"sourceW":162,"sourceH":78},
"rank_select_01_png":{"x":838,"y":1,"w":159,"h":78,"offX":0,"offY":0,"sourceW":162,"sourceH":78},
"rank_data_normal_png":{"x":1,"y":76,"w":835,"h":73,"offX":0,"offY":0,"sourceW":835,"sourceH":73},
"rank_data_mine_png":{"x":1,"y":1,"w":835,"h":73,"offX":0,"offY":0,"sourceW":835,"sourceH":73},
"diy_select_kuan_png":{"x":710,"y":231,"w":87,"h":87,"offX":0,"offY":0,"sourceW":87,"sourceH":87},
"diy_item_bg_png":{"x":799,"y":231,"w":87,"h":87,"offX":0,"offY":0,"sourceW":87,"sourceH":87},
"diy_xiala_bg_png":{"x":381,"y":151,"w":369,"h":55,"offX":0,"offY":0,"sourceW":369,"sourceH":55},
"diy_page_not_png":{"x":639,"y":208,"w":69,"h":113,"offX":0,"offY":0,"sourceW":69,"sourceH":113},
"diy_page_yes_png":{"x":568,"y":208,"w":69,"h":113,"offX":0,"offY":0,"sourceW":69,"sourceH":113},
"diy_btn_xia_01_png":{"x":916,"y":174,"w":38,"h":28,"offX":0,"offY":0,"sourceW":38,"sourceH":28},
"diy_btn_xia_02_png":{"x":916,"y":144,"w":38,"h":28,"offX":0,"offY":0,"sourceW":38,"sourceH":28},
"diy_add_item_png":{"x":888,"y":231,"w":57,"h":57,"offX":0,"offY":0,"sourceW":57,"sourceH":57}}}