{"mc":{
	"0":{
		"frameRate":9,
		"labels":[
			{"name":"0","frame":1,"end":19}
			
			],
		"events":[
			
			],
		"frames":[
			
			{
			"res":"idle_45",
			"x":-147,
			"y":30
			},
			{
			"res":"idle_46",
			"x":-140,
			"y":29
			},
			{
			"res":"idle_47",
			"x":-137,
			"y":28
			},
			{
			"res":"idle_48",
			"x":-137,
			"y":27
			},
			{
			"res":"idle_49",
			"x":-137,
			"y":27
			},
			{
			"res":"idle_50",
			"x":-139,
			"y":25
			},
			{
			"res":"idle_51",
			"x":-145,
			"y":20
			},
			{
			"res":"idle_52",
			"x":-149,
			"y":15
			},
			{
			"res":"idle_53",
			"x":-154,
			"y":20
			},
			{
			"res":"idle_54",
			"x":-160,
			"y":26
			},
			{
			"res":"idle_55",
			"x":-163,
			"y":14
			},
			{
			"res":"idle_56",
			"x":-168,
			"y":-4
			},
			{
			"res":"idle_57",
			"x":-174,
			"y":-9
			},
			{
			"res":"idle_58",
			"x":-176,
			"y":-12
			},
			{
			"res":"idle_59",
			"x":-173,
			"y":-10
			},
			{
			"res":"idle_60",
			"x":-167,
			"y":-7
			},
			{
			"res":"idle_61",
			"x":-160,
			"y":-5
			},
			{
			"res":"idle_62",
			"x":-155,
			"y":-4
			},
			{
			"res":"idle_63",
			"x":-152,
			"y":-4
			}
			]
}},
	"res":{
		"idle_55":{"x":0,"y":1551,"w":421,"h":289},
		"idle_61":{"x":0,"y":937,"w":427,"h":307},
		"idle_50":{"x":435,"y":880,"w":392,"h":278},
		"idle_57":{"x":446,"y":0,"w":441,"h":313},
		"idle_45":{"x":427,"y":1158,"w":395,"h":273},
		"idle_53":{"x":443,"y":597,"w":404,"h":283},
		"idle_51":{"x":446,"y":313,"w":403,"h":284},
		"idle_56":{"x":887,"y":0,"w":434,"h":308},
		"idle_46":{"x":421,"y":1431,"w":389,"h":274},
		"idle_48":{"x":1321,"y":307,"w":386,"h":275},
		"idle_47":{"x":847,"y":874,"w":386,"h":275},
		"idle_62":{"x":1321,"y":0,"w":422,"h":307},
		"idle_52":{"x":887,"y":308,"w":412,"h":289},
		"idle_54":{"x":847,"y":597,"w":405,"h":277},
		"idle_49":{"x":421,"y":1705,"w":385,"h":276},
		"idle_63":{"x":0,"y":1244,"w":419,"h":307},
		"idle_60":{"x":0,"y":628,"w":435,"h":309},
		"idle_59":{"x":0,"y":315,"w":443,"h":313},
		"idle_58":{"x":0,"y":0,"w":446,"h":315}
	}}