{"mc":{
	"0":{
		"frameRate":9,
		"labels":[
			{"name":"0","frame":1,"end":22}
			
			],
		"events":[
			
			],
		"frames":[
			
			{
			"res":"idle_23",
			"x":-161,
			"y":32
			},
			{
			"res":"idle_24",
			"x":-168,
			"y":31
			},
			{
			"res":"idle_25",
			"x":-173,
			"y":29
			},
			{
			"res":"idle_26",
			"x":-173,
			"y":12
			},
			{
			"res":"idle_27",
			"x":-167,
			"y":2
			},
			{
			"res":"idle_28",
			"x":-164,
			"y":1
			},
			{
			"res":"idle_29",
			"x":-159,
			"y":16
			},
			{
			"res":"idle_30",
			"x":-153,
			"y":27
			},
			{
			"res":"idle_31",
			"x":-143,
			"y":29
			},
			{
			"res":"idle_32",
			"x":-139,
			"y":30
			},
			{
			"res":"idle_33",
			"x":-138,
			"y":30
			},
			{
			"res":"idle_34",
			"x":-143,
			"y":31
			},
			{
			"res":"idle_35",
			"x":-147,
			"y":32
			},
			{
			"res":"idle_36",
			"x":-150,
			"y":33
			},
			{
			"res":"idle_37",
			"x":-155,
			"y":33
			},
			{
			"res":"idle_38",
			"x":-161,
			"y":33
			},
			{
			"res":"idle_39",
			"x":-166,
			"y":33
			},
			{
			"res":"idle_40",
			"x":-169,
			"y":33
			},
			{
			"res":"idle_41",
			"x":-168,
			"y":32
			},
			{
			"res":"idle_42",
			"x":-163,
			"y":32
			},
			{
			"res":"idle_43",
			"x":-158,
			"y":31
			},
			{
			"res":"idle_44",
			"x":-153,
			"y":30
			}
			]
}},
	"res":{
		"idle_28":{"x":0,"y":300,"w":421,"h":301},
		"idle_40":{"x":0,"y":1158,"w":413,"h":270},
		"idle_35":{"x":826,"y":542,"w":388,"h":270},
		"idle_32":{"x":820,"y":812,"w":380,"h":272},
		"idle_26":{"x":424,"y":0,"w":428,"h":290},
		"idle_41":{"x":0,"y":887,"w":412,"h":271},
		"idle_42":{"x":0,"y":1698,"w":407,"h":271},
		"idle_24":{"x":1278,"y":0,"w":415,"h":270},
		"idle_44":{"x":421,"y":562,"w":399,"h":273},
		"idle_38":{"x":852,"y":272,"w":405,"h":270},
		"idle_27":{"x":0,"y":0,"w":424,"h":300},
		"idle_25":{"x":852,"y":0,"w":426,"h":272},
		"idle_39":{"x":0,"y":1428,"w":409,"h":270},
		"idle_31":{"x":1278,"y":270,"w":384,"h":273},
		"idle_23":{"x":413,"y":1379,"w":398,"h":269},
		"idle_33":{"x":1200,"y":814,"w":379,"h":272},
		"idle_37":{"x":413,"y":1110,"w":399,"h":269},
		"idle_34":{"x":1214,"y":543,"w":384,"h":271},
		"idle_30":{"x":412,"y":835,"w":394,"h":275},
		"idle_29":{"x":0,"y":601,"w":409,"h":286},
		"idle_36":{"x":409,"y":1648,"w":393,"h":269},
		"idle_43":{"x":424,"y":290,"w":402,"h":272}
	}}