{"mc":{
	"0":{
		"frameRate":7,
		"labels":[
			{"name":"0","frame":1,"end":4}
			
			],
		"events":[
			
			],
		"frames":[
			
			{
			"res":"p2_static_02_01_png",
			"x":-40,
			"y":-85
			},
			{
			"res":"p2_static_02_02_png",
			"x":-40,
			"y":-85
			},
			{
			"res":"p2_static_02_03_png",
			"x":-39,
			"y":-85
			},
			{
			"res":"p2_static_02_04_png",
			"x":-40,
			"y":-85
			}
			]
}},
	"res":{
		"p2_static_02_04_png":{"x":1,"y":131,"w":91,"h":128},
		"p2_static_02_01_png":{"x":1,"y":261,"w":89,"h":128},
		"p2_static_02_02_png":{"x":1,"y":131,"w":91,"h":128},
		"p2_static_02_03_png":{"x":1,"y":1,"w":92,"h":128}
	}}