{"mc":{
	"0":{
		"frameRate":7,
		"labels":[
			{"name":"0","frame":1,"end":4}
			
			],
		"events":[
			
			],
		"frames":[
			
			{
			"res":"p4_static_02_01_png",
			"x":-44,
			"y":-89
			},
			{
			"res":"p4_static_02_02_png",
			"x":-44,
			"y":-90
			},
			{
			"res":"p4_static_02_03_png",
			"x":-44,
			"y":-90
			},
			{
			"res":"p4_static_02_04_png",
			"x":-44,
			"y":-89
			}
			]
}},
	"res":{
		"p4_static_02_04_png":{"x":89,"y":1,"w":86,"h":132},
		"p4_static_02_03_png":{"x":1,"y":1,"w":86,"h":133},
		"p4_static_02_01_png":{"x":1,"y":271,"w":86,"h":132},
		"p4_static_02_02_png":{"x":1,"y":136,"w":86,"h":133}
	}}