{"mc":{
	"0":{
		"frameRate":7,
		"labels":[
			{"name":"0","frame":1,"end":4}
			
			],
		"events":[
			
			],
		"frames":[
			
			{
			"res":"01_png",
			"x":-33,
			"y":-30
			},
			{
			"res":"02_png",
			"x":-41,
			"y":-38
			},
			{
			"res":"03_png",
			"x":-41,
			"y":-38
			},
			{
			"res":"04_png",
			"x":-40,
			"y":-37
			}
			]
}},
	"res":{
		"01_png":{"x":79,"y":149,"w":64,"h":62},
		"02_png":{"x":1,"y":1,"w":79,"h":72},
		"03_png":{"x":1,"y":75,"w":79,"h":72},
		"04_png":{"x":1,"y":149,"w":76,"h":72}
	}}