{"mc":{
	"0":{
		"frameRate":10,
		"labels":[
			{"name":"0","frame":1,"end":4}
			
			],
		"events":[
			
			],
		"frames":[
			
			{
			"res":"pai2_down_01_png",
			"x":-44,
			"y":-29
			},
			{
			"res":"pai2_down_02_png",
			"x":-43,
			"y":-29
			},
			{
			"res":"pai2_down_03_png",
			"x":-44,
			"y":-34
			},
			{
			"res":"pai2_down_04_png",
			"x":-44,
			"y":-34
			}
			]
}},
	"res":{
		"pai2_down_01_png":{"x":93,"y":103,"w":90,"h":96},
		"pai2_down_02_png":{"x":1,"y":104,"w":89,"h":96},
		"pai2_down_03_png":{"x":93,"y":1,"w":90,"h":100},
		"pai2_down_04_png":{"x":1,"y":1,"w":90,"h":101}
	}}