{"mc":{
	"0":{
		"frameRate":10,
		"labels":[
			{"name":"0","frame":1,"end":4}
			
			],
		"events":[
			
			],
		"frames":[
			
			{
			"res":"pai4_down_01_png",
			"x":-51,
			"y":-40
			},
			{
			"res":"pai4_down_02_png",
			"x":-52,
			"y":-32
			},
			{
			"res":"pai4_down_03_png",
			"x":-52,
			"y":-23
			},
			{
			"res":"pai4_down_04_png",
			"x":-52,
			"y":-32
			}
			]
}},
	"res":{
		"pai4_down_04_png":{"x":1,"y":110,"w":108,"h":99},
		"pai4_down_03_png":{"x":110,"y":1,"w":108,"h":90},
		"pai4_down_02_png":{"x":1,"y":110,"w":108,"h":99},
		"pai4_down_01_png":{"x":1,"y":1,"w":107,"h":107}
	}}